variable,input_table,species_short,cohort_short,has_herd_structure,requirement,condition,lower_bound,lower_inclusive,upper_bound,upper_inclusive,range_species_short,range_cohort_short,comparison_operator,comparison_variable,validation_function,run_demographic_herd,run_weights,run_ration_quality,run_metabolic_energy_req,run_emissions_enteric,run_nitrogen_balance,run_emissions_manure,run_emissions_ration,run_production,run_allocation,run_aggregation,run_gleam,evidence_function
age_first_parturition,herd_level_data,SHP,FS,ANY,R,"Used only in SHP maintenance coefficient for FS and MS in current code. Demographic module uses cohort_duration_days, not this parameter.",110,TRUE,3300,TRUE,ANY,ANY,"","","","","","",X,"","","","","","","",X,calc_metabolic_energy_req_maintenance
age_first_parturition,herd_level_data,SHP,MS,ANY,R,"Used only in SHP maintenance coefficient for FS and MS in current code. Demographic module uses cohort_duration_days, not this parameter.",110,TRUE,3300,TRUE,ANY,ANY,"","","","","","",X,"","","","","","","",X,calc_metabolic_energy_req_maintenance
birth_fraction_female,herd_level_data,ANY,ANY,FALSE,R,Required only to generate demographic herd structure.,0,TRUE,1,TRUE,ANY,ANY,"","","",X,"","","","","","","","","","",X,run_demographic_herd_module / calc_fecundity_rates / scaling
bone_free_meat_fraction,herd_level_data,ANY,ANY,ANY,R,calc_meat_production is applied per requested cohort; any cohort can have offtake.,0,TRUE,1,TRUE,ANY,ANY,"","","","","","","","","","","",X,"","",X,calc_meat_production
carcass_dressing_fraction,herd_level_data,ANY,ANY,ANY,R,calc_meat_production is applied per requested cohort; any cohort can have offtake.,0,TRUE,1,TRUE,ANY,ANY,"","","","","","","","","","","",X,"","",X,calc_meat_production
ch4_conversion_factor_ym,"",ANY,ANY,"","","",0,TRUE,20,TRUE,ANY,ANY,"","","","","","","","","","","","","","","",""
ch4_feed_rice,feed_emissions,ANY,ANY,ANY,R,Feed emission factor is weighted by ration share for each requested cohort.,,,,,"","","","","","","","","","","","",X,"","","",X,run_emissions_ration_module
ch4_max_producing_capacity_bo,manure_management_system_factors,ANY,ANY,ANY,R,MMS factor required for systems used by requested cohorts.,0,FALSE,Inf,TRUE,ANY,ANY,"","","","","","","","","",X,"","","","",X,calc_ch4_manure / calc_n2o_manure_*
ch4_mitigation_factor,cohort_level_data,ANY,ANY,ANY,O,Optional cohort-level multiplier; defaults to 1 when the column is absent.,0,TRUE,1,TRUE,ANY,ANY,"","","","","","","",X,"","","","","","",X,run_gleam / enteric module
co2_feed_crop_activities,feed_emissions,ANY,ANY,ANY,R,Feed emission factor is weighted by ration share for each requested cohort.,,,,,"","","","","","","","","","","","",X,"","","",X,run_emissions_ration_module
co2_feed_fertilizer,feed_emissions,ANY,ANY,ANY,R,Feed emission factor is weighted by ration share for each requested cohort.,,,,,"","","","","","","","","","","","",X,"","","",X,run_emissions_ration_module
co2_feed_luc_nopeat,feed_emissions,ANY,ANY,ANY,R,Feed emission factor is weighted by ration share for each requested cohort.,,,,,"","","","","","","","","","","","",X,"","","",X,run_emissions_ration_module
co2_feed_luc_peat,feed_emissions,ANY,ANY,ANY,R,Feed emission factor is weighted by ration share for each requested cohort.,,,,,"","","","","","","","","","","","",X,"","","",X,run_emissions_ration_module
co2_feed_pesticides,feed_emissions,ANY,ANY,ANY,R,Feed emission factor is weighted by ration share for each requested cohort.,,,,,"","","","","","","","","","","","",X,"","","",X,run_emissions_ration_module
cohort_duration_days,cohort_level_data,ANY,ANY,ANY,R,Used by calc_daily_weight_gain for every requested cohort; also FS pregnancy and PGS-FS N retention.,1,TRUE,8000,TRUE,ANY,ANY,"","","","",X,"",X,"",X,"","","","","",X,calc_daily_weight_gain; calc_metabolic_energy_req_pregnancy; calc_nitrogen_retention
cohort_duration_days,cohort_level_data,ANY,ANY,FALSE,R,Demographic module requires durations for all six cohorts.,1,TRUE,8000,TRUE,ANY,ANY,"","","",X,"","","","","","","","","","",X,run_demographic_herd_module / calc_transition_probabilities
cohort_short,cohort_level_data,ANY,ANY,ANY,R,"",,,,,"","","","","",X,X,X,X,X,X,X,X,X,X,X,X,run_gleam / module joins
cohort_stock_size,cohort_level_data,ANY,ANY,TRUE,R,Supplied by user only when has_herd_structure=TRUE; otherwise generated by demographic module.,0,TRUE,Inf,TRUE,ANY,ANY,"","","","","","","","","","","",X,X,X,X,run_gleam; run_production_module; run_allocation_module; run_aggregation_module
daily_weight_gain,"",ANY,ANY,"","","",0,TRUE,5,TRUE,ANY,ANY,"","","","","","","","","","","","","","","",""
death_rate,cohort_level_data,ANY,ANY,FALSE,R,Only required when demographic herd structure is generated; module currently requires the complete six-cohort structure.,0,TRUE,1,FALSE,ANY,ANY,"","","",X,"","","","","","","","","","",X,run_demographic_herd_module / calc_transition_probabilities
death_rate_juvenile,herd_level_data,PGS,FA,ANY,R,Used in sow lactation energy to adjust surviving offspring.,,,,,"","","","","","","","",X,"","","","","","","",X,calc_metabolic_energy_req_lactation
draught_fraction_female,herd_level_data,BFL,FA,ANY,R,Draught work calculated only for adult females of draught-capable species.,0,TRUE,1,TRUE,ANY,ANY,"","","","","","",X,"","","","","","","",X,calc_metabolic_energy_req_work
draught_fraction_female,herd_level_data,CML,FA,ANY,R,Draught work calculated only for adult females of draught-capable species.,0,TRUE,1,TRUE,ANY,ANY,"","","","","","",X,"","","","","","","",X,calc_metabolic_energy_req_work
draught_fraction_female,herd_level_data,CTL,FA,ANY,R,Draught work calculated only for adult females of draught-capable species.,0,TRUE,1,TRUE,ANY,ANY,"","","","","","",X,"","","","","","","",X,calc_metabolic_energy_req_work
draught_fraction_male,herd_level_data,BFL,MA,ANY,R,Draught work calculated only for adult males of draught-capable species.,0,TRUE,1,TRUE,ANY,ANY,"","","","","","",X,"","","","","","","",X,calc_metabolic_energy_req_work
draught_fraction_male,herd_level_data,CML,MA,ANY,R,Draught work calculated only for adult males of draught-capable species.,0,TRUE,1,TRUE,ANY,ANY,"","","","","","",X,"","","","","","","",X,calc_metabolic_energy_req_work
draught_fraction_male,herd_level_data,CTL,MA,ANY,R,Draught work calculated only for adult males of draught-capable species.,0,TRUE,1,TRUE,ANY,ANY,"","","","","","",X,"","","","","","","",X,calc_metabolic_energy_req_work
draught_work_hours_female,herd_level_data,BFL,FA,ANY,R,Draught work calculated only for adult females of draught-capable species.,0,TRUE,24,TRUE,ANY,ANY,"","","","","","",X,"","","","","","","",X,calc_metabolic_energy_req_work
draught_work_hours_female,herd_level_data,CML,FA,ANY,R,Draught work calculated only for adult females of draught-capable species.,0,TRUE,24,TRUE,ANY,ANY,"","","","","","",X,"","","","","","","",X,calc_metabolic_energy_req_work
draught_work_hours_female,herd_level_data,CTL,FA,ANY,R,Draught work calculated only for adult females of draught-capable species.,0,TRUE,24,TRUE,ANY,ANY,"","","","","","",X,"","","","","","","",X,calc_metabolic_energy_req_work
draught_work_hours_male,herd_level_data,BFL,MA,ANY,R,Draught work calculated only for adult males of draught-capable species.,0,TRUE,24,TRUE,ANY,ANY,"","","","","","",X,"","","","","","","",X,calc_metabolic_energy_req_work
draught_work_hours_male,herd_level_data,CML,MA,ANY,R,Draught work calculated only for adult males of draught-capable species.,0,TRUE,24,TRUE,ANY,ANY,"","","","","","",X,"","","","","","","",X,calc_metabolic_energy_req_work
draught_work_hours_male,herd_level_data,CTL,MA,ANY,R,Draught work calculated only for adult males of draught-capable species.,0,TRUE,24,TRUE,ANY,ANY,"","","","","","",X,"","","","","","","",X,calc_metabolic_energy_req_work
duration,"",ANY,ANY,"","","",1,TRUE,5000,TRUE,ANY,ANY,"","","","","","","","","","","","","","","",""
egg_allocation_energy,"",ANY,ANY,"","","",0,TRUE,Inf,TRUE,ANY,ANY,"","","","","","","","","","","","","","","",""
feed_ash,feed_params,ANY,ANY,ANY,R,Ration ash contributes to volatile-solids calculation.,0,TRUE,25,TRUE,ANY,ANY,"","","","","",X,"","","",X,"","","","",X,calc_ration_ash; calc_volatile_solids
feed_digestibility_fraction_chicken,"",ANY,ANY,"","","",0,TRUE,1,TRUE,ANY,ANY,"","","","","","","","","","","","","","","",""
feed_digestibility_fraction_pigs,"",ANY,ANY,"","","",0,TRUE,1,TRUE,ANY,ANY,"","","","","","","","","","","","","","","",""
feed_digestibility_fraction_ruminant,"",ANY,ANY,"","","",0,TRUE,1,TRUE,ANY,ANY,"","","","","","","","","","","","","","","",""
feed_digestible_energy_pigs,feed_params,PGS,ANY,ANY,R,Pig-specific feed quality parameter.,,,,,"","","","","","","",X,"","","","","","","","",X,calc_feed_digestibility_fraction / calc_ration_metabolizable_energy / calc_ration_urinary_energy_fraction
feed_digestible_energy_ruminant,feed_params,BFL,ANY,ANY,R,Ruminant/camel-specific feed quality parameter.,,,,,"","","","","","","",X,"","","","","","","","",X,calc_feed_digestibility_fraction / calc_ration_metabolizable_energy / calc_ration_urinary_energy_fraction
feed_digestible_energy_ruminant,feed_params,CML,ANY,ANY,R,Ruminant/camel-specific feed quality parameter.,,,,,"","","","","","","",X,"","","","","","","","",X,calc_feed_digestibility_fraction / calc_ration_metabolizable_energy / calc_ration_urinary_energy_fraction
feed_digestible_energy_ruminant,feed_params,CTL,ANY,ANY,R,Ruminant/camel-specific feed quality parameter.,,,,,"","","","","","","",X,"","","","","","","","",X,calc_feed_digestibility_fraction / calc_ration_metabolizable_energy / calc_ration_urinary_energy_fraction
feed_digestible_energy_ruminant,feed_params,GTS,ANY,ANY,R,Ruminant/camel-specific feed quality parameter.,,,,,"","","","","","","",X,"","","","","","","","",X,calc_feed_digestibility_fraction / calc_ration_metabolizable_energy / calc_ration_urinary_energy_fraction
feed_digestible_energy_ruminant,feed_params,SHP,ANY,ANY,R,Ruminant/camel-specific feed quality parameter.,,,,,"","","","","","","",X,"","","","","","","","",X,calc_feed_digestibility_fraction / calc_ration_metabolizable_energy / calc_ration_urinary_energy_fraction
feed_gross_energy,feed_params,ANY,ANY,ANY,R,"",0,TRUE,45,TRUE,ANY,ANY,"","","","","",X,"","","","","","","","",X,calc_ration_gross_energy; calc_feed_digestibility_fraction
feed_metabolizable_energy_chicken,"",ANY,ANY,"","","",0,TRUE,45,TRUE,ANY,ANY,"","","","","","","","","","","","","","","",""
feed_metabolizable_energy_pigs,feed_params,PGS,ANY,ANY,R,Pig-specific feed quality parameter.,0,TRUE,45,TRUE,ANY,ANY,"","","","","",X,"","","","","","","","",X,calc_feed_digestibility_fraction / calc_ration_metabolizable_energy / calc_ration_urinary_energy_fraction
feed_metabolizable_energy_ruminant,feed_params,BFL,ANY,ANY,R,Ruminant/camel-specific feed quality parameter.,0,TRUE,45,TRUE,ANY,ANY,"","","","","",X,"","","","","","","","",X,calc_feed_digestibility_fraction / calc_ration_metabolizable_energy / calc_ration_urinary_energy_fraction
feed_metabolizable_energy_ruminant,feed_params,CML,ANY,ANY,R,Ruminant/camel-specific feed quality parameter.,0,TRUE,45,TRUE,ANY,ANY,"","","","","",X,"","","","","","","","",X,calc_feed_digestibility_fraction / calc_ration_metabolizable_energy / calc_ration_urinary_energy_fraction
feed_metabolizable_energy_ruminant,feed_params,CTL,ANY,ANY,R,Ruminant/camel-specific feed quality parameter.,0,TRUE,45,TRUE,ANY,ANY,"","","","","",X,"","","","","","","","",X,calc_feed_digestibility_fraction / calc_ration_metabolizable_energy / calc_ration_urinary_energy_fraction
feed_metabolizable_energy_ruminant,feed_params,GTS,ANY,ANY,R,Ruminant/camel-specific feed quality parameter.,0,TRUE,45,TRUE,ANY,ANY,"","","","","",X,"","","","","","","","",X,calc_feed_digestibility_fraction / calc_ration_metabolizable_energy / calc_ration_urinary_energy_fraction
feed_metabolizable_energy_ruminant,feed_params,SHP,ANY,ANY,R,Ruminant/camel-specific feed quality parameter.,0,TRUE,45,TRUE,ANY,ANY,"","","","","",X,"","","","","","","","",X,calc_feed_digestibility_fraction / calc_ration_metabolizable_energy / calc_ration_urinary_energy_fraction
feed_nitrogen_content,feed_params,ANY,ANY,ANY,R,Ration nitrogen is computed for all species/cohorts and then used in N balance.,0,TRUE,0.15,TRUE,ANY,ANY,"","","","","",X,"","",X,"","","","","",X,calc_ration_nitrogen_content; calc_nitrogen_intake
feed_ration_fraction,feed_rations,ANY,ANY,ANY,R,Each requested cohort needs a ration; fractions weight feed quality and feed emission factors.,0,TRUE,1,TRUE,ANY,ANY,"","","","","",X,"","","","",X,"","","",X,run_ration_quality_module; run_emissions_ration_module
feed_urinary_energy_chicken,"",ANY,ANY,"","","",0,TRUE,0.5,TRUE,ANY,ANY,"","","","","","","","","","","","","","","",""
feed_urinary_energy_pigs,feed_params,PGS,ANY,ANY,R,Pig-specific feed quality parameter.,0,TRUE,0.5,TRUE,ANY,ANY,"","","","","",X,"","","","","","","","",X,calc_feed_digestibility_fraction / calc_ration_metabolizable_energy / calc_ration_urinary_energy_fraction
feed_urinary_energy_ruminant,feed_params,BFL,ANY,ANY,R,Ruminant/camel-specific feed quality parameter.,0,TRUE,0.5,TRUE,ANY,ANY,"","","","","",X,"","","","","","","","",X,calc_feed_digestibility_fraction / calc_ration_metabolizable_energy / calc_ration_urinary_energy_fraction
feed_urinary_energy_ruminant,feed_params,CML,ANY,ANY,R,Ruminant/camel-specific feed quality parameter.,0,TRUE,0.5,TRUE,ANY,ANY,"","","","","",X,"","","","","","","","",X,calc_feed_digestibility_fraction / calc_ration_metabolizable_energy / calc_ration_urinary_energy_fraction
feed_urinary_energy_ruminant,feed_params,CTL,ANY,ANY,R,Ruminant/camel-specific feed quality parameter.,0,TRUE,0.5,TRUE,ANY,ANY,"","","","","",X,"","","","","","","","",X,calc_feed_digestibility_fraction / calc_ration_metabolizable_energy / calc_ration_urinary_energy_fraction
feed_urinary_energy_ruminant,feed_params,GTS,ANY,ANY,R,Ruminant/camel-specific feed quality parameter.,0,TRUE,0.5,TRUE,ANY,ANY,"","","","","",X,"","","","","","","","",X,calc_feed_digestibility_fraction / calc_ration_metabolizable_energy / calc_ration_urinary_energy_fraction
feed_urinary_energy_ruminant,feed_params,SHP,ANY,ANY,R,Ruminant/camel-specific feed quality parameter.,0,TRUE,0.5,TRUE,ANY,ANY,"","","","","",X,"","","","","","","","",X,calc_feed_digestibility_fraction / calc_ration_metabolizable_energy / calc_ration_urinary_energy_fraction
fem_birth_fraction,"",ANY,ANY,"","","",0,TRUE,1,TRUE,ANY,ANY,"","","","","","","","","","","","","","","",""
fibre_allocation_energy,"",ANY,ANY,"","","",0,TRUE,Inf,TRUE,ANY,ANY,"","","","","","","","","","","","","","","",""
fibre_yield_year,herd_level_data,CML,FA,ANY,R,Fibre-producing species and producing cohorts only.,0,TRUE,Inf,TRUE,ANY,ANY,"","","","","","",X,"",X,"","",X,"","",X,calc_metabolic_energy_req_fibre; calc_nitrogen_retention; calc_fibre_production
fibre_yield_year,herd_level_data,CML,FS,ANY,R,Fibre-producing species and producing cohorts only.,0,TRUE,Inf,TRUE,ANY,ANY,"","","","","","",X,"",X,"","",X,"","",X,calc_metabolic_energy_req_fibre; calc_nitrogen_retention; calc_fibre_production
fibre_yield_year,herd_level_data,CML,MA,ANY,R,Fibre-producing species and producing cohorts only.,0,TRUE,Inf,TRUE,ANY,ANY,"","","","","","",X,"",X,"","",X,"","",X,calc_metabolic_energy_req_fibre; calc_nitrogen_retention; calc_fibre_production
fibre_yield_year,herd_level_data,CML,MS,ANY,R,Fibre-producing species and producing cohorts only.,0,TRUE,Inf,TRUE,ANY,ANY,"","","","","","",X,"",X,"","",X,"","",X,calc_metabolic_energy_req_fibre; calc_nitrogen_retention; calc_fibre_production
fibre_yield_year,herd_level_data,GTS,FA,ANY,R,Fibre-producing species and producing cohorts only.,0,TRUE,Inf,TRUE,ANY,ANY,"","","","","","",X,"",X,"","",X,"","",X,calc_metabolic_energy_req_fibre; calc_nitrogen_retention; calc_fibre_production
fibre_yield_year,herd_level_data,GTS,FS,ANY,R,Fibre-producing species and producing cohorts only.,0,TRUE,Inf,TRUE,ANY,ANY,"","","","","","",X,"",X,"","",X,"","",X,calc_metabolic_energy_req_fibre; calc_nitrogen_retention; calc_fibre_production
fibre_yield_year,herd_level_data,GTS,MA,ANY,R,Fibre-producing species and producing cohorts only.,0,TRUE,Inf,TRUE,ANY,ANY,"","","","","","",X,"",X,"","",X,"","",X,calc_metabolic_energy_req_fibre; calc_nitrogen_retention; calc_fibre_production
fibre_yield_year,herd_level_data,GTS,MS,ANY,R,Fibre-producing species and producing cohorts only.,0,TRUE,Inf,TRUE,ANY,ANY,"","","","","","",X,"",X,"","",X,"","",X,calc_metabolic_energy_req_fibre; calc_nitrogen_retention; calc_fibre_production
fibre_yield_year,herd_level_data,SHP,FA,ANY,R,Fibre-producing species and producing cohorts only.,0,TRUE,Inf,TRUE,ANY,ANY,"","","","","","",X,"",X,"","",X,"","",X,calc_metabolic_energy_req_fibre; calc_nitrogen_retention; calc_fibre_production
fibre_yield_year,herd_level_data,SHP,FS,ANY,R,Fibre-producing species and producing cohorts only.,0,TRUE,Inf,TRUE,ANY,ANY,"","","","","","",X,"",X,"","",X,"","",X,calc_metabolic_energy_req_fibre; calc_nitrogen_retention; calc_fibre_production
fibre_yield_year,herd_level_data,SHP,MA,ANY,R,Fibre-producing species and producing cohorts only.,0,TRUE,Inf,TRUE,ANY,ANY,"","","","","","",X,"",X,"","",X,"","",X,calc_metabolic_energy_req_fibre; calc_nitrogen_retention; calc_fibre_production
fibre_yield_year,herd_level_data,SHP,MS,ANY,R,Fibre-producing species and producing cohorts only.,0,TRUE,Inf,TRUE,ANY,ANY,"","","","","","",X,"",X,"","",X,"","",X,calc_metabolic_energy_req_fibre; calc_nitrogen_retention; calc_fibre_production
herd_id,cohort_level_data,ANY,ANY,ANY,R,"",,,,,"","","","","",X,X,X,X,X,X,X,X,X,X,X,X,run_gleam / module joins
herd_size_total,herd_level_data,ANY,ANY,FALSE,R,Required only to generate demographic herd structure.,1,TRUE,Inf,TRUE,ANY,ANY,"","","",X,"","","","","","","","","","",X,run_demographic_herd_module / calc_fecundity_rates / scaling
high_activity_fraction,cohort_level_data,BFL,ANY,ANY,R,"Used to calculate cact only for CTL, BFL, SHP and GTS. CML and PGS use fixed activity coefficients.",0,TRUE,1,TRUE,ANY,ANY,"","","","","","",X,"","","","","","","",X,calc_metabolic_energy_req_activity
high_activity_fraction,cohort_level_data,CTL,ANY,ANY,R,"Used to calculate cact only for CTL, BFL, SHP and GTS. CML and PGS use fixed activity coefficients.",0,TRUE,1,TRUE,ANY,ANY,"","","","","","",X,"","","","","","","",X,calc_metabolic_energy_req_activity
high_activity_fraction,cohort_level_data,GTS,ANY,ANY,R,"Used to calculate cact only for CTL, BFL, SHP and GTS. CML and PGS use fixed activity coefficients.",0,TRUE,1,TRUE,ANY,ANY,"","","","","","",X,"","","","","","","",X,calc_metabolic_energy_req_activity
high_activity_fraction,cohort_level_data,SHP,ANY,ANY,R,"Used to calculate cact only for CTL, BFL, SHP and GTS. CML and PGS use fixed activity coefficients.",0,TRUE,1,TRUE,ANY,ANY,"","","","","","",X,"","","","","","","",X,calc_metabolic_energy_req_activity
lactating_females_fraction,herd_level_data,BFL,FA,ANY,R,Only adult females produce milk; energy and production scale by lactating fraction.,0,TRUE,1,TRUE,ANY,ANY,"","","","","","",X,"","","","",X,"","",X,calc_metabolic_energy_req_lactation; calc_milk_production
lactating_females_fraction,herd_level_data,CML,FA,ANY,R,Only adult females produce milk; energy and production scale by lactating fraction.,0,TRUE,1,TRUE,ANY,ANY,"","","","","","",X,"","","","",X,"","",X,calc_metabolic_energy_req_lactation; calc_milk_production
lactating_females_fraction,herd_level_data,CTL,FA,ANY,R,Only adult females produce milk; energy and production scale by lactating fraction.,0,TRUE,1,TRUE,ANY,ANY,"","","","","","",X,"","","","",X,"","",X,calc_metabolic_energy_req_lactation; calc_milk_production
lactating_females_fraction,herd_level_data,GTS,FA,ANY,R,Only adult females produce milk; energy and production scale by lactating fraction.,0,TRUE,1,TRUE,ANY,ANY,"","","","","","",X,"","","","",X,"","",X,calc_metabolic_energy_req_lactation; calc_milk_production
lactating_females_fraction,herd_level_data,SHP,FA,ANY,R,Only adult females produce milk; energy and production scale by lactating fraction.,0,TRUE,1,TRUE,ANY,ANY,"","","","","","",X,"","","","",X,"","",X,calc_metabolic_energy_req_lactation; calc_milk_production
lactation_duration,herd_level_data,PGS,FA,ANY,R,Used in sow lactation and adult-female pregnancy cycle adjustment.,,,,,"","","","","","","","",X,"","","","","","","",X,calc_metabolic_energy_req_lactation; calc_metabolic_energy_req_pregnancy
litsize,"",ANY,ANY,"","","",0.01,TRUE,25,TRUE,ANY,ANY,"","","","","","","","","","","","","","","",""
litter_size,herd_level_data,ANY,ANY,FALSE,R,Herd-level reproductive parameter required whenever demographic herd structure is generated.,0.01,TRUE,25,TRUE,ANY,ANY,"","","",X,"","","","","","","","","","",X,calc_fecundity_rates / run_demographic_herd_module
litter_size,herd_level_data,GTS,FA,ANY,R,Used for offspring milk requirement and FA pregnancy coefficient.,0.01,TRUE,25,TRUE,ANY,ANY,"","","","","","",X,"","","","","","","",X,calc_metabolic_energy_req_lactation; calc_metabolic_energy_req_pregnancy
litter_size,herd_level_data,PGS,FA,ANY,R,Used in sow lactation/pregnancy energy and reproductive N retention.,0.01,TRUE,25,TRUE,ANY,ANY,"","","","","","",X,"",X,"","","","","",X,calc_metabolic_energy_req_lactation; calc_metabolic_energy_req_pregnancy; calc_nitrogen_retention
litter_size,herd_level_data,PGS,FS,ANY,R,Used in PGS FS pregnancy energy and reproductive N retention.,0.01,TRUE,25,TRUE,ANY,ANY,"","","","","","",X,"",X,"","","","","",X,calc_metabolic_energy_req_pregnancy; calc_nitrogen_retention
litter_size,herd_level_data,SHP,FA,ANY,R,Used for offspring milk requirement and FA pregnancy coefficient.,0.01,TRUE,25,TRUE,ANY,ANY,"","","","","","",X,"","","","","","","",X,calc_metabolic_energy_req_lactation; calc_metabolic_energy_req_pregnancy
live_weight_at_birth,"",ANY,ANY,"","","",0,TRUE,1000,TRUE,ANY,ANY,<,live_weight_at_weaning,calc_nitrogen_retention;run_metabolic_energy_req_module,"","","","","","","","","","","","",""
live_weight_at_birth,"",ANY,FA,"","","",0,TRUE,1000,TRUE,ANY,ANY,<,live_weight_at_weaning,calc_metabolic_energy_req_lactation,"","","","","","","","","","","","",""
live_weight_at_birth,herd_level_data,ANY,FJ,ANY,R,Initial live weight of juvenile cohorts.,0,TRUE,1000,TRUE,ANY,ANY,<,live_weight_at_weaning,calc_cohort_weights;run_weights_module,"",X,"","","","","","","","","",X,calc_cohort_weights
live_weight_at_birth,herd_level_data,ANY,MJ,ANY,R,Initial live weight of juvenile cohorts.,0,TRUE,1000,TRUE,ANY,ANY,<,live_weight_at_weaning,calc_cohort_weights;run_weights_module,"",X,"","","","","","","","","",X,calc_cohort_weights
live_weight_at_birth,herd_level_data,BFL,ANY,ANY,R,Used by meat allocation energy for all non-pig species.,0,TRUE,1000,TRUE,ANY,ANY,"","","","","","","","","","","","",X,"",X,calc_meat_allocation_energy
live_weight_at_birth,herd_level_data,BFL,FA,ANY,R,Used to estimate milk required for offspring in lactation energy.,0,TRUE,1000,TRUE,ANY,ANY,"","","","","","",X,"","","","","","","",X,calc_metabolic_energy_req_lactation
live_weight_at_birth,herd_level_data,CML,ANY,ANY,R,Used by meat allocation energy for all non-pig species.,0,TRUE,1000,TRUE,ANY,ANY,"","","","","","","","","","","","",X,"",X,calc_meat_allocation_energy
live_weight_at_birth,herd_level_data,CML,FA,ANY,R,Used to estimate milk required for offspring in lactation energy.,0,TRUE,1000,TRUE,ANY,ANY,"","","","","","",X,"","","","","","","",X,calc_metabolic_energy_req_lactation
live_weight_at_birth,herd_level_data,CTL,ANY,ANY,R,Used by meat allocation energy for all non-pig species.,0,TRUE,1000,TRUE,ANY,ANY,"","","","","","","","","","","","",X,"",X,calc_meat_allocation_energy
live_weight_at_birth,herd_level_data,CTL,FA,ANY,R,Used to estimate milk required for offspring in lactation energy.,0,TRUE,1000,TRUE,ANY,ANY,"","","","","","",X,"","","","","","","",X,calc_metabolic_energy_req_lactation
live_weight_at_birth,herd_level_data,GTS,ANY,ANY,R,Used by meat allocation energy for all non-pig species.,0,TRUE,1000,TRUE,ANY,ANY,"","","","","","","","","","","","",X,"",X,calc_meat_allocation_energy
live_weight_at_birth,herd_level_data,GTS,FA,ANY,R,Used to estimate milk required for offspring in lactation energy.,0,TRUE,1000,TRUE,ANY,ANY,"","","","","","",X,"","","","","","","",X,calc_metabolic_energy_req_lactation
live_weight_at_birth,herd_level_data,PGS,FA,ANY,R,PGS FA: lactation + reproductive N retention; PGS FS: reproductive N retention.,0,TRUE,1000,TRUE,ANY,ANY,"","","","","","",X,"",X,"","","","","",X,calc_metabolic_energy_req_lactation; calc_nitrogen_retention
live_weight_at_birth,herd_level_data,PGS,FS,ANY,R,PGS FA: lactation + reproductive N retention; PGS FS: reproductive N retention.,0,TRUE,1000,TRUE,ANY,ANY,"","","","","","",X,"",X,"","","","","",X,calc_metabolic_energy_req_lactation; calc_nitrogen_retention
live_weight_at_birth,herd_level_data,SHP,ANY,ANY,R,Used by meat allocation energy for all non-pig species.,0,TRUE,1000,TRUE,ANY,ANY,"","","","","","","","","","","","",X,"",X,calc_meat_allocation_energy
live_weight_at_birth,herd_level_data,SHP,FA,ANY,R,Used to estimate milk required for offspring in lactation energy.,0,TRUE,1000,TRUE,ANY,ANY,"","","","","","",X,"","","","","","","",X,calc_metabolic_energy_req_lactation
live_weight_at_weaning,herd_level_data,ANY,FJ,ANY,R,Juvenile final/slaughter weight and subadult initial weight.,0,TRUE,1000,TRUE,ANY,ANY,"","","","",X,"","","","","","","","","",X,calc_cohort_weights
live_weight_at_weaning,herd_level_data,ANY,FS,ANY,R,Juvenile final/slaughter weight and subadult initial weight.,0,TRUE,1000,TRUE,ANY,ANY,<=,live_weight_female_at_slaughter,calc_cohort_weights;run_weights_module,"",X,"","","","","","","","","",X,calc_cohort_weights
live_weight_at_weaning,herd_level_data,ANY,MJ,ANY,R,Juvenile final/slaughter weight and subadult initial weight.,0,TRUE,1000,TRUE,ANY,ANY,"","","","",X,"","","","","","","","","",X,calc_cohort_weights
live_weight_at_weaning,herd_level_data,ANY,MS,ANY,R,Juvenile final/slaughter weight and subadult initial weight.,0,TRUE,1000,TRUE,ANY,ANY,<=,live_weight_male_at_slaughter,calc_cohort_weights;run_weights_module,"",X,"","","","","","","","","",X,calc_cohort_weights
live_weight_at_weaning,herd_level_data,BFL,FA,ANY,R,Used to estimate milk required for offspring in lactation energy.,0,TRUE,1000,TRUE,ANY,ANY,"","","","","","",X,"","","","","","","",X,calc_metabolic_energy_req_lactation
live_weight_at_weaning,herd_level_data,CML,FA,ANY,R,Used to estimate milk required for offspring in lactation energy.,0,TRUE,1000,TRUE,ANY,ANY,"","","","","","",X,"","","","","","","",X,calc_metabolic_energy_req_lactation
live_weight_at_weaning,herd_level_data,CTL,FA,ANY,R,Used to estimate milk required for offspring in lactation energy.,0,TRUE,1000,TRUE,ANY,ANY,"","","","","","",X,"","","","","","","",X,calc_metabolic_energy_req_lactation
live_weight_at_weaning,herd_level_data,GTS,FA,ANY,R,Used to estimate milk required for offspring in lactation energy.,0,TRUE,1000,TRUE,ANY,ANY,"","","","","","",X,"","","","","","","",X,calc_metabolic_energy_req_lactation
live_weight_at_weaning,herd_level_data,PGS,FA,ANY,R,Used in sow lactation energy and reproductive N retention.,0,TRUE,1000,TRUE,ANY,ANY,"","","","","","",X,"",X,"","","","","",X,calc_metabolic_energy_req_lactation; calc_nitrogen_retention
live_weight_at_weaning,herd_level_data,SHP,FA,ANY,R,Used to estimate milk required for offspring in lactation energy.,0,TRUE,1000,TRUE,ANY,ANY,"","","","","","",X,"","","","","","","",X,calc_metabolic_energy_req_lactation
live_weight_cohort_at_slaughter,"",ANY,ANY,"","","",0,TRUE,Inf,TRUE,ANY,ANY,"","","","","","","","","","","","","","","",""
live_weight_cohort_average,"",ANY,ANY,"","","",0,TRUE,Inf,TRUE,ANY,ANY,<=,live_weight_cohort_final,run_metabolic_energy_req_module,"","","","","","","","","","","","",""
live_weight_cohort_average,"",BFL,FJ,"","","",0,TRUE,Inf,TRUE,ANY,ANY,<=,live_weight_cohort_final,calc_metabolic_energy_req_growth,"","","","","","","","","","","","",""
live_weight_cohort_average,"",BFL,FS,"","","",0,TRUE,Inf,TRUE,ANY,ANY,<=,live_weight_cohort_final,calc_metabolic_energy_req_growth,"","","","","","","","","","","","",""
live_weight_cohort_average,"",BFL,MJ,"","","",0,TRUE,Inf,TRUE,ANY,ANY,<=,live_weight_cohort_final,calc_metabolic_energy_req_growth,"","","","","","","","","","","","",""
live_weight_cohort_average,"",BFL,MS,"","","",0,TRUE,Inf,TRUE,ANY,ANY,<=,live_weight_cohort_final,calc_metabolic_energy_req_growth,"","","","","","","","","","","","",""
live_weight_cohort_average,"",CTL,FJ,"","","",0,TRUE,Inf,TRUE,ANY,ANY,<=,live_weight_cohort_final,calc_metabolic_energy_req_growth,"","","","","","","","","","","","",""
live_weight_cohort_average,"",CTL,FS,"","","",0,TRUE,Inf,TRUE,ANY,ANY,<=,live_weight_cohort_final,calc_metabolic_energy_req_growth,"","","","","","","","","","","","",""
live_weight_cohort_average,"",CTL,MJ,"","","",0,TRUE,Inf,TRUE,ANY,ANY,<=,live_weight_cohort_final,calc_metabolic_energy_req_growth,"","","","","","","","","","","","",""
live_weight_cohort_average,"",CTL,MS,"","","",0,TRUE,Inf,TRUE,ANY,ANY,<=,live_weight_cohort_final,calc_metabolic_energy_req_growth,"","","","","","","","","","","","",""
live_weight_cohort_final,"",ANY,ANY,"","","",0,TRUE,Inf,TRUE,ANY,ANY,"","","","","","","","","","","","","","","",""
live_weight_cohort_initial,"",ANY,ANY,"","","",0,TRUE,Inf,TRUE,ANY,ANY,<=,live_weight_cohort_average,run_metabolic_energy_req_module,"","","","","","","","","","","","",""
live_weight_cohort_initial,"",BFL,FJ,"","","",0,TRUE,Inf,TRUE,ANY,ANY,<=,live_weight_cohort_average,calc_metabolic_energy_req_growth,"","","","","","","","","","","","",""
live_weight_cohort_initial,"",BFL,FS,"","","",0,TRUE,Inf,TRUE,ANY,ANY,<=,live_weight_cohort_average,calc_metabolic_energy_req_growth,"","","","","","","","","","","","",""
live_weight_cohort_initial,"",BFL,MJ,"","","",0,TRUE,Inf,TRUE,ANY,ANY,<=,live_weight_cohort_average,calc_metabolic_energy_req_growth,"","","","","","","","","","","","",""
live_weight_cohort_initial,"",BFL,MS,"","","",0,TRUE,Inf,TRUE,ANY,ANY,<=,live_weight_cohort_average,calc_metabolic_energy_req_growth,"","","","","","","","","","","","",""
live_weight_cohort_initial,"",CTL,FJ,"","","",0,TRUE,Inf,TRUE,ANY,ANY,<=,live_weight_cohort_average,calc_metabolic_energy_req_growth,"","","","","","","","","","","","",""
live_weight_cohort_initial,"",CTL,FS,"","","",0,TRUE,Inf,TRUE,ANY,ANY,<=,live_weight_cohort_average,calc_metabolic_energy_req_growth,"","","","","","","","","","","","",""
live_weight_cohort_initial,"",CTL,MJ,"","","",0,TRUE,Inf,TRUE,ANY,ANY,<=,live_weight_cohort_average,calc_metabolic_energy_req_growth,"","","","","","","","","","","","",""
live_weight_cohort_initial,"",CTL,MS,"","","",0,TRUE,Inf,TRUE,ANY,ANY,<=,live_weight_cohort_average,calc_metabolic_energy_req_growth,"","","","","","","","","","","","",""
live_weight_cohort_initial,"",GTS,FJ,"","","",0,TRUE,Inf,TRUE,ANY,ANY,<=,live_weight_cohort_final,calc_metabolic_energy_req_growth,"","","","","","","","","","","","",""
live_weight_cohort_initial,"",GTS,FS,"","","",0,TRUE,Inf,TRUE,ANY,ANY,<=,live_weight_cohort_final,calc_metabolic_energy_req_growth,"","","","","","","","","","","","",""
live_weight_cohort_initial,"",GTS,MJ,"","","",0,TRUE,Inf,TRUE,ANY,ANY,<=,live_weight_cohort_final,calc_metabolic_energy_req_growth,"","","","","","","","","","","","",""
live_weight_cohort_initial,"",GTS,MS,"","","",0,TRUE,Inf,TRUE,ANY,ANY,<=,live_weight_cohort_final,calc_metabolic_energy_req_growth,"","","","","","","","","","","","",""
live_weight_cohort_initial,"",SHP,FJ,"","","",0,TRUE,Inf,TRUE,ANY,ANY,<=,live_weight_cohort_final,calc_metabolic_energy_req_growth,"","","","","","","","","","","","",""
live_weight_cohort_initial,"",SHP,FS,"","","",0,TRUE,Inf,TRUE,ANY,ANY,<=,live_weight_cohort_final,calc_metabolic_energy_req_growth,"","","","","","","","","","","","",""
live_weight_cohort_initial,"",SHP,MJ,"","","",0,TRUE,Inf,TRUE,ANY,ANY,<=,live_weight_cohort_final,calc_metabolic_energy_req_growth,"","","","","","","","","","","","",""
live_weight_cohort_initial,"",SHP,MS,"","","",0,TRUE,Inf,TRUE,ANY,ANY,<=,live_weight_cohort_final,calc_metabolic_energy_req_growth,"","","","","","","","","","","","",""
live_weight_female_adult,herd_level_data,ANY,FA,ANY,R,FA uses it directly; FS uses it as mature/potential final weight; FJ uses it as live_weight_mature_stage.,0,TRUE,Inf,TRUE,ANY,ANY,"","","","",X,"","","","","","","","","",X,calc_cohort_weights
live_weight_female_adult,herd_level_data,ANY,FJ,ANY,R,FA uses it directly; FS uses it as mature/potential final weight; FJ uses it as live_weight_mature_stage.,0,TRUE,Inf,TRUE,ANY,ANY,"","","","",X,"","","","","","","","","",X,calc_cohort_weights
live_weight_female_adult,herd_level_data,ANY,FS,ANY,R,FA uses it directly; FS uses it as mature/potential final weight; FJ uses it as live_weight_mature_stage.,0,TRUE,Inf,TRUE,ANY,ANY,"","","","",X,"","","","","","","","","",X,calc_cohort_weights
live_weight_female_at_slaughter,herd_level_data,ANY,FS,ANY,R,Subadult female slaughter weight only.,0,TRUE,Inf,TRUE,ANY,ANY,"","","","",X,"","","","","","","","","",X,calc_cohort_weights
live_weight_male_adult,herd_level_data,ANY,MA,ANY,R,MA uses it directly; MS uses it as mature/potential final weight; MJ uses it as live_weight_mature_stage.,0,TRUE,Inf,TRUE,ANY,ANY,"","","","",X,"","","","","","","","","",X,calc_cohort_weights
live_weight_male_adult,herd_level_data,ANY,MJ,ANY,R,MA uses it directly; MS uses it as mature/potential final weight; MJ uses it as live_weight_mature_stage.,0,TRUE,Inf,TRUE,ANY,ANY,"","","","",X,"","","","","","","","","",X,calc_cohort_weights
live_weight_male_adult,herd_level_data,ANY,MS,ANY,R,MA uses it directly; MS uses it as mature/potential final weight; MJ uses it as live_weight_mature_stage.,0,TRUE,Inf,TRUE,ANY,ANY,"","","","",X,"","","","","","","","","",X,calc_cohort_weights
live_weight_male_at_slaughter,herd_level_data,ANY,MS,ANY,R,Subadult male slaughter weight only.,0,TRUE,Inf,TRUE,ANY,ANY,"","","","",X,"","","","","","","","","",X,calc_cohort_weights
live_weight_mature_stage,"",ANY,ANY,"","","",0,TRUE,Inf,TRUE,ANY,ANY,"","","","","","","","","","","","","","","",""
low_activity_fraction,cohort_level_data,BFL,ANY,ANY,R,"Used to calculate cact only for CTL, BFL, SHP and GTS. CML and PGS use fixed activity coefficients.",0,TRUE,1,TRUE,ANY,ANY,"","","","","","",X,"","","","","","","",X,calc_metabolic_energy_req_activity
low_activity_fraction,cohort_level_data,CTL,ANY,ANY,R,"Used to calculate cact only for CTL, BFL, SHP and GTS. CML and PGS use fixed activity coefficients.",0,TRUE,1,TRUE,ANY,ANY,"","","","","","",X,"","","","","","","",X,calc_metabolic_energy_req_activity
low_activity_fraction,cohort_level_data,GTS,ANY,ANY,R,"Used to calculate cact only for CTL, BFL, SHP and GTS. CML and PGS use fixed activity coefficients.",0,TRUE,1,TRUE,ANY,ANY,"","","","","","",X,"","","","","","","",X,calc_metabolic_energy_req_activity
low_activity_fraction,cohort_level_data,SHP,ANY,ANY,R,"Used to calculate cact only for CTL, BFL, SHP and GTS. CML and PGS use fixed activity coefficients.",0,TRUE,1,TRUE,ANY,ANY,"","","","","","",X,"","","","","","","",X,calc_metabolic_energy_req_activity
manure_management_system_fraction,manure_management_system_fraction,ANY,ANY,ANY,R,Cohort-specific MMS fractions are applied to manure excretion.,0,TRUE,1,TRUE,ANY,ANY,"","","","","","","","","",X,"","","","",X,run_emissions_manure_module
meat_allocation_energy,"",ANY,ANY,"","","",0,TRUE,Inf,TRUE,ANY,ANY,"","","","","","","","","","","","","","","",""
meat_production_live_weight_cohort,"",ANY,ANY,"","","",0,TRUE,Inf,TRUE,ANY,ANY,"","","","","","","","","","","","","","","",""
meat_protein_fraction,herd_level_data,ANY,ANY,ANY,R,calc_meat_production is applied per requested cohort; any cohort can have offtake.,0,TRUE,1,TRUE,ANY,ANY,"","","","","","","","","","","",X,"","",X,calc_meat_production
metabolic_energy_req_fibre_production,"",ANY,ANY,"","","",0,TRUE,Inf,TRUE,ANY,ANY,"","","","","","","","","","","","","","","",""
metabolic_energy_req_work,"",ANY,ANY,"","","",0,TRUE,Inf,TRUE,ANY,ANY,"","","","","","","","","","","","","","","",""
methane_conversion_factor_mcf,manure_management_system_factors,ANY,ANY,ANY,R,MMS factor required for systems used by requested cohorts.,0,TRUE,100,TRUE,ANY,ANY,"","","","","","","","","",X,"","","","",X,calc_ch4_manure / calc_n2o_manure_*
milk_allocation_energy,"",ANY,ANY,"","","",0,TRUE,Inf,TRUE,ANY,ANY,"","","","","","","","","","","","","","","",""
milk_fat_fraction,herd_level_data,BFL,FA,ANY,R,Production uses it for all milk species; lactation-energy equation uses it specifically for CTL/BFL.,0,TRUE,1,TRUE,ANY,ANY,positive_if_positive,milk_yield_day,calc_milk_production;calc_metabolic_energy_req_lactation;run_gleam;run_production_module;run_metabolic_energy_req_module;run_nitrogen_balance_module,,,,X,,,,,X,,,X,calc_metabolic_energy_req_lactation; calc_milk_production
milk_fat_fraction,herd_level_data,CML,FA,ANY,R,Production uses it for all milk species; lactation-energy equation uses it specifically for CTL/BFL.,0,TRUE,1,TRUE,ANY,ANY,positive_if_positive,milk_yield_day,calc_milk_production;calc_metabolic_energy_req_lactation;run_gleam;run_production_module;run_metabolic_energy_req_module;run_nitrogen_balance_module,,,,X,,,,,X,,,X,calc_metabolic_energy_req_lactation; calc_milk_production
milk_fat_fraction,herd_level_data,CTL,FA,ANY,R,Production uses it for all milk species; lactation-energy equation uses it specifically for CTL/BFL.,0,TRUE,1,TRUE,ANY,ANY,positive_if_positive,milk_yield_day,calc_milk_production;calc_metabolic_energy_req_lactation;run_gleam;run_production_module;run_metabolic_energy_req_module;run_nitrogen_balance_module,,,,X,,,,,X,,,X,calc_metabolic_energy_req_lactation; calc_milk_production
milk_fat_fraction,herd_level_data,GTS,FA,ANY,R,Production uses it for all milk species; lactation-energy equation uses it specifically for CTL/BFL.,0,TRUE,1,TRUE,ANY,ANY,positive_if_positive,milk_yield_day,calc_milk_production;calc_metabolic_energy_req_lactation;run_gleam;run_production_module;run_metabolic_energy_req_module;run_nitrogen_balance_module,,,,X,,,,,X,,,X,calc_metabolic_energy_req_lactation; calc_milk_production
milk_fat_fraction,herd_level_data,SHP,FA,ANY,R,Production uses it for all milk species; lactation-energy equation uses it specifically for CTL/BFL.,0,TRUE,1,TRUE,ANY,ANY,positive_if_positive,milk_yield_day,calc_milk_production;calc_metabolic_energy_req_lactation;run_gleam;run_production_module;run_metabolic_energy_req_module;run_nitrogen_balance_module,,,,X,,,,,X,,,X,calc_metabolic_energy_req_lactation; calc_milk_production
milk_fat_fraction_standard,herd_level_data,BFL,FA,ANY,R,Used for FPCM and milk allocation; non-zero milk applies only to FA of milk-producing species.,0,TRUE,1,TRUE,ANY,ANY,"","","","","","","","","","","",X,X,"",X,calc_milk_production; calc_milk_allocation_energy
milk_fat_fraction_standard,herd_level_data,CML,FA,ANY,R,Used for FPCM and milk allocation; non-zero milk applies only to FA of milk-producing species.,0,TRUE,1,TRUE,ANY,ANY,"","","","","","","","","","","",X,X,"",X,calc_milk_production; calc_milk_allocation_energy
milk_fat_fraction_standard,herd_level_data,CTL,FA,ANY,R,Used for FPCM and milk allocation; non-zero milk applies only to FA of milk-producing species.,0,TRUE,1,TRUE,ANY,ANY,"","","","","","","","","","","",X,X,"",X,calc_milk_production; calc_milk_allocation_energy
milk_fat_fraction_standard,herd_level_data,GTS,FA,ANY,R,Used for FPCM and milk allocation; non-zero milk applies only to FA of milk-producing species.,0,TRUE,1,TRUE,ANY,ANY,"","","","","","","","","","","",X,X,"",X,calc_milk_production; calc_milk_allocation_energy
milk_fat_fraction_standard,herd_level_data,SHP,FA,ANY,R,Used for FPCM and milk allocation; non-zero milk applies only to FA of milk-producing species.,0,TRUE,1,TRUE,ANY,ANY,"","","","","","","","","","","",X,X,"",X,calc_milk_production; calc_milk_allocation_energy
milk_lactose_fraction,herd_level_data,BFL,FA,ANY,R,Used in FPCM calculation for milk-producing FA.,0,TRUE,1,TRUE,ANY,ANY,"","","","","","","","","","","",X,"","",X,calc_milk_production
milk_lactose_fraction,herd_level_data,CML,FA,ANY,R,Used in FPCM calculation for milk-producing FA.,0,TRUE,1,TRUE,ANY,ANY,"","","","","","","","","","","",X,"","",X,calc_milk_production
milk_lactose_fraction,herd_level_data,CTL,FA,ANY,R,Used in FPCM calculation for milk-producing FA.,0,TRUE,1,TRUE,ANY,ANY,"","","","","","","","","","","",X,"","",X,calc_milk_production
milk_lactose_fraction,herd_level_data,GTS,FA,ANY,R,Used in FPCM calculation for milk-producing FA.,0,TRUE,1,TRUE,ANY,ANY,"","","","","","","","","","","",X,"","",X,calc_milk_production
milk_lactose_fraction,herd_level_data,SHP,FA,ANY,R,Used in FPCM calculation for milk-producing FA.,0,TRUE,1,TRUE,ANY,ANY,"","","","","","","","","","","",X,"","",X,calc_milk_production
milk_lactose_fraction_standard,herd_level_data,BFL,FA,ANY,R,Used for FPCM and milk allocation; non-zero milk applies only to FA of milk-producing species.,0,TRUE,1,TRUE,ANY,ANY,"","","","","","","","","","","",X,X,"",X,calc_milk_production; calc_milk_allocation_energy
milk_lactose_fraction_standard,herd_level_data,CML,FA,ANY,R,Used for FPCM and milk allocation; non-zero milk applies only to FA of milk-producing species.,0,TRUE,1,TRUE,ANY,ANY,"","","","","","","","","","","",X,X,"",X,calc_milk_production; calc_milk_allocation_energy
milk_lactose_fraction_standard,herd_level_data,CTL,FA,ANY,R,Used for FPCM and milk allocation; non-zero milk applies only to FA of milk-producing species.,0,TRUE,1,TRUE,ANY,ANY,"","","","","","","","","","","",X,X,"",X,calc_milk_production; calc_milk_allocation_energy
milk_lactose_fraction_standard,herd_level_data,GTS,FA,ANY,R,Used for FPCM and milk allocation; non-zero milk applies only to FA of milk-producing species.,0,TRUE,1,TRUE,ANY,ANY,"","","","","","","","","","","",X,X,"",X,calc_milk_production; calc_milk_allocation_energy
milk_lactose_fraction_standard,herd_level_data,SHP,FA,ANY,R,Used for FPCM and milk allocation; non-zero milk applies only to FA of milk-producing species.,0,TRUE,1,TRUE,ANY,ANY,"","","","","","","","","","","",X,X,"",X,calc_milk_production; calc_milk_allocation_energy
milk_production_fpcm_cohort,"",ANY,ANY,"","","",0,TRUE,Inf,TRUE,ANY,ANY,"","","","","","","","","","","","","","","",""
milk_protein_fraction,herd_level_data,BFL,FA,ANY,R,Milk N retention and milk-protein/FPCM production are FA-only.,0,TRUE,1,TRUE,ANY,ANY,positive_if_positive,milk_yield_day,calc_milk_production;calc_nitrogen_retention;run_gleam;run_production_module;run_metabolic_energy_req_module;run_nitrogen_balance_module,,,,,,X,,,X,,,X,calc_nitrogen_retention; calc_milk_production
milk_protein_fraction,herd_level_data,CML,FA,ANY,R,Milk N retention and milk-protein/FPCM production are FA-only.,0,TRUE,1,TRUE,ANY,ANY,positive_if_positive,milk_yield_day,calc_milk_production;calc_nitrogen_retention;run_gleam;run_production_module;run_metabolic_energy_req_module;run_nitrogen_balance_module,,,,,,X,,,X,,,X,calc_nitrogen_retention; calc_milk_production
milk_protein_fraction,herd_level_data,CTL,FA,ANY,R,Milk N retention and milk-protein/FPCM production are FA-only.,0,TRUE,1,TRUE,ANY,ANY,positive_if_positive,milk_yield_day,calc_milk_production;calc_nitrogen_retention;run_gleam;run_production_module;run_metabolic_energy_req_module;run_nitrogen_balance_module,,,,,,X,,,X,,,X,calc_nitrogen_retention; calc_milk_production
milk_protein_fraction,herd_level_data,GTS,FA,ANY,R,Milk N retention and milk-protein/FPCM production are FA-only.,0,TRUE,1,TRUE,ANY,ANY,positive_if_positive,milk_yield_day,calc_milk_production;calc_nitrogen_retention;run_gleam;run_production_module;run_metabolic_energy_req_module;run_nitrogen_balance_module,,,,,,X,,,X,,,X,calc_nitrogen_retention; calc_milk_production
milk_protein_fraction,herd_level_data,SHP,FA,ANY,R,Milk N retention and milk-protein/FPCM production are FA-only.,0,TRUE,1,TRUE,ANY,ANY,positive_if_positive,milk_yield_day,calc_milk_production;calc_nitrogen_retention;run_gleam;run_production_module;run_metabolic_energy_req_module;run_nitrogen_balance_module,,,,,,X,,,X,,,X,calc_nitrogen_retention; calc_milk_production
milk_protein_fraction_standard,herd_level_data,BFL,FA,ANY,R,Used for FPCM and milk allocation; non-zero milk applies only to FA of milk-producing species.,0,TRUE,1,TRUE,ANY,ANY,"","","","","","","","","","","",X,X,"",X,calc_milk_production; calc_milk_allocation_energy
milk_protein_fraction_standard,herd_level_data,CML,FA,ANY,R,Used for FPCM and milk allocation; non-zero milk applies only to FA of milk-producing species.,0,TRUE,1,TRUE,ANY,ANY,"","","","","","","","","","","",X,X,"",X,calc_milk_production; calc_milk_allocation_energy
milk_protein_fraction_standard,herd_level_data,CTL,FA,ANY,R,Used for FPCM and milk allocation; non-zero milk applies only to FA of milk-producing species.,0,TRUE,1,TRUE,ANY,ANY,"","","","","","","","","","","",X,X,"",X,calc_milk_production; calc_milk_allocation_energy
milk_protein_fraction_standard,herd_level_data,GTS,FA,ANY,R,Used for FPCM and milk allocation; non-zero milk applies only to FA of milk-producing species.,0,TRUE,1,TRUE,ANY,ANY,"","","","","","","","","","","",X,X,"",X,calc_milk_production; calc_milk_allocation_energy
milk_protein_fraction_standard,herd_level_data,SHP,FA,ANY,R,Used for FPCM and milk allocation; non-zero milk applies only to FA of milk-producing species.,0,TRUE,1,TRUE,ANY,ANY,"","","","","","","","","","","",X,X,"",X,calc_milk_production; calc_milk_allocation_energy
milk_yield_day,herd_level_data,BFL,FA,ANY,R,Milk yield contributes only for FA in current code.,0,TRUE,100,TRUE,ANY,ANY,positive_if_positive,lactating_females_fraction,calc_milk_production;calc_metabolic_energy_req_lactation;run_gleam;run_production_module;run_metabolic_energy_req_module;run_nitrogen_balance_module,,,,X,,X,,,X,,,X,calc_metabolic_energy_req_lactation; calc_nitrogen_retention; calc_milk_production
milk_yield_day,herd_level_data,CML,FA,ANY,R,Milk yield contributes only for FA in current code.,0,TRUE,100,TRUE,ANY,ANY,positive_if_positive,lactating_females_fraction,calc_milk_production;calc_metabolic_energy_req_lactation;run_gleam;run_production_module;run_metabolic_energy_req_module;run_nitrogen_balance_module,,,,X,,X,,,X,,,X,calc_metabolic_energy_req_lactation; calc_nitrogen_retention; calc_milk_production
milk_yield_day,herd_level_data,CTL,FA,ANY,R,Milk yield contributes only for FA in current code.,0,TRUE,100,TRUE,ANY,ANY,positive_if_positive,lactating_females_fraction,calc_milk_production;calc_metabolic_energy_req_lactation;run_gleam;run_production_module;run_metabolic_energy_req_module;run_nitrogen_balance_module,,,,X,,X,,,X,,,X,calc_metabolic_energy_req_lactation; calc_nitrogen_retention; calc_milk_production
milk_yield_day,herd_level_data,GTS,FA,ANY,R,Milk yield contributes only for FA in current code.,0,TRUE,100,TRUE,ANY,ANY,positive_if_positive,lactating_females_fraction,calc_milk_production;calc_metabolic_energy_req_lactation;run_gleam;run_production_module;run_metabolic_energy_req_module;run_nitrogen_balance_module,,,,X,,X,,,X,,,X,calc_metabolic_energy_req_lactation; calc_nitrogen_retention; calc_milk_production
milk_yield_day,herd_level_data,SHP,FA,ANY,R,Milk yield contributes only for FA in current code.,0,TRUE,100,TRUE,ANY,ANY,positive_if_positive,lactating_females_fraction,calc_milk_production;calc_metabolic_energy_req_lactation;run_gleam;run_production_module;run_metabolic_energy_req_module;run_nitrogen_balance_module,,,,X,,X,,,X,,,X,calc_metabolic_energy_req_lactation; calc_nitrogen_retention; calc_milk_production
mort_rate,"",ANY,ANY,"","","",0,TRUE,1,FALSE,ANY,ANY,"","","","","","","","","","","","","","","",""
n2o_ef3,manure_management_system_factors,ANY,ANY,ANY,R,MMS factor required for systems used by requested cohorts.,0,TRUE,1,TRUE,ANY,ANY,"","","","","","","","","",X,"","","","",X,calc_ch4_manure / calc_n2o_manure_*
n2o_ef4,manure_management_system_factors,ANY,ANY,ANY,R,MMS factor required for systems used by requested cohorts.,0,TRUE,1,TRUE,ANY,ANY,"","","","","","","","","",X,"","","","",X,calc_ch4_manure / calc_n2o_manure_*
n2o_ef5,manure_management_system_factors,ANY,ANY,ANY,R,MMS factor required for systems used by requested cohorts.,0,TRUE,1,TRUE,ANY,ANY,"","","","","","","","","",X,"","","","",X,calc_ch4_manure / calc_n2o_manure_*
n2o_feed_crop_residues,feed_emissions,ANY,ANY,ANY,R,Feed emission factor is weighted by ration share for each requested cohort.,,,,,"","","","","","","","","","","","",X,"","","",X,run_emissions_ration_module
n2o_feed_fertilizer,feed_emissions,ANY,ANY,ANY,R,Feed emission factor is weighted by ration share for each requested cohort.,,,,,"","","","","","","","","","","","",X,"","","",X,run_emissions_ration_module
n2o_feed_manure_applied,feed_emissions,ANY,ANY,ANY,R,Feed emission factor is weighted by ration share for each requested cohort.,,,,,"","","","","","","","","","","","",X,"","","",X,run_emissions_ration_module
nitrogen_fracgas,manure_management_system_factors,ANY,ANY,ANY,R,MMS factor required for systems used by requested cohorts.,0,TRUE,1,TRUE,ANY,ANY,"","","","","","","","","",X,"","","","",X,calc_ch4_manure / calc_n2o_manure_*
nitrogen_fracleach,manure_management_system_factors,ANY,ANY,ANY,R,MMS factor required for systems used by requested cohorts.,0,TRUE,1,TRUE,ANY,ANY,"","","","","","","","","",X,"","","","",X,calc_ch4_manure / calc_n2o_manure_*
nitrogen_intake,"",ANY,ANY,"","","",,,,,"","",>=,nitrogen_retention,calc_nitrogen_excretion,"","","","","","","","","","","","",""
non_productive_duration,herd_level_data,PGS,FA,ANY,R,Used only for sow reproductive-cycle adjustment in lactation/pregnancy energy.,,,,,"","","","","","","","",X,"","","","","","","",X,calc_metabolic_energy_req_lactation; calc_metabolic_energy_req_pregnancy
offtake_heads_assessment,cohort_level_data,ANY,ANY,TRUE,R,Supplied by user only when has_herd_structure=TRUE; otherwise generated by demographic module.,0,TRUE,Inf,TRUE,ANY,ANY,"","","","","","","","","","","",X,"","",X,run_gleam; run_production_module; run_allocation_module; run_aggregation_module
offtake_rate,cohort_level_data,ANY,ANY,ANY,R,calc_avg_weights uses offtake_rate for every requested cohort; energy uses it only for selected equations but weights makes it universally required.,-2,TRUE,1,FALSE,ANY,ANY,"","","","",X,"",X,"","","","","","","",X,calc_avg_weights; calc_metabolic_energy_req_maintenance; calc_metabolic_energy_req_pregnancy
offtake_rate,cohort_level_data,ANY,ANY,FALSE,R,Demographic module converts annual offtake to daily competing-risk probabilities.,-2,TRUE,1,FALSE,ANY,ANY,"","","",X,"","","","","","","","","","",X,run_demographic_herd_module / calc_transition_probabilities
parturition_rate,herd_level_data,ANY,ANY,FALSE,R,Herd-level reproductive parameter required whenever demographic herd structure is generated.,0.01,TRUE,3,TRUE,ANY,ANY,"","","",X,"","","","","","","","","","",X,calc_fecundity_rates / run_demographic_herd_module
parturition_rate,herd_level_data,BFL,FA,ANY,R,FA lactation/pregnancy energy scales reproductive activity.,0.01,TRUE,3,TRUE,ANY,ANY,"","","","","","",X,"","","","","","","",X,calc_metabolic_energy_req_lactation; calc_metabolic_energy_req_pregnancy
parturition_rate,herd_level_data,CML,FA,ANY,R,FA lactation/pregnancy energy scales reproductive activity.,0.01,TRUE,3,TRUE,ANY,ANY,"","","","","","",X,"","","","","","","",X,calc_metabolic_energy_req_lactation; calc_metabolic_energy_req_pregnancy
parturition_rate,herd_level_data,CTL,FA,ANY,R,FA lactation/pregnancy energy scales reproductive activity.,0.01,TRUE,3,TRUE,ANY,ANY,"","","","","","",X,"","","","","","","",X,calc_metabolic_energy_req_lactation; calc_metabolic_energy_req_pregnancy
parturition_rate,herd_level_data,GTS,FA,ANY,R,FA lactation/pregnancy energy scales reproductive activity.,0.01,TRUE,3,TRUE,ANY,ANY,"","","","","","",X,"","","","","","","",X,calc_metabolic_energy_req_lactation; calc_metabolic_energy_req_pregnancy
parturition_rate,herd_level_data,PGS,FA,ANY,R,PGS FA reproductive nitrogen retention.,0.01,TRUE,3,TRUE,ANY,ANY,"","","","","","","","",X,"","","","","",X,calc_nitrogen_retention
parturition_rate,herd_level_data,SHP,FA,ANY,R,FA lactation/pregnancy energy scales reproductive activity.,0.01,TRUE,3,TRUE,ANY,ANY,"","","","","","",X,"","","","","","","",X,calc_metabolic_energy_req_lactation; calc_metabolic_energy_req_pregnancy
pregnancy_duration,herd_level_data,ANY,FA,ANY,R,Pregnancy energy is computed only for FA and FS.,,,,,"","","","","","","","",X,"","","","","","","",X,calc_metabolic_energy_req_pregnancy
pregnancy_duration,herd_level_data,ANY,FS,ANY,R,Pregnancy energy is computed only for FA and FS.,,,,,"","","","","","","","",X,"","","","","","","",X,calc_metabolic_energy_req_pregnancy
pregnancy_duration,herd_level_data,PGS,FS,ANY,R,PGS FS reproductive nitrogen retention uses pregnancy_duration/cohort_duration_days.,,,,,"","","","","","","","","","",X,"","","","","",X,calc_nitrogen_retention
ratio_m3CH4_to_kgCH4,manure_management_system_factors,ANY,ANY,ANY,R,MMS factor required for systems used by requested cohorts.,0,FALSE,Inf,TRUE,ANY,ANY,"","","","","","","","","",X,"","","","",X,calc_ch4_manure / calc_n2o_manure_*
ratio_me_to_ne,herd_level_data,CML,ANY,ANY,R,Used only for camel meat allocation energy; pigs return 0 and ruminants use NE directly.,0,TRUE,1,TRUE,ANY,ANY,"","","","","","","","","","","","",X,"",X,calc_meat_allocation_energy
ration_ash,"",ANY,ANY,"","","",0,TRUE,0.2,TRUE,ANY,ANY,"","","","","","","","","","","","","","","",""
ration_digestibility_fraction,"",ANY,ANY,"","","",0,TRUE,1,TRUE,ANY,ANY,"","","","","","","","","","","","","","","",""
ration_gross_energy,"",ANY,ANY,"","","",0,TRUE,45,TRUE,ANY,ANY,"","","","","","","","","","","","","","","",""
ration_intake,"",ANY,ANY,"","","",0,TRUE,Inf,TRUE,ANY,ANY,"","","","","","","","","","","","","","","",""
ration_metabolizable_energy,"",ANY,ANY,"","","",0,TRUE,45,TRUE,ANY,ANY,"","","","","","","","","","","","","","","",""
ration_nitrogen,"",ANY,ANY,"","","",0,TRUE,0.1,TRUE,ANY,ANY,"","","","","","","","","","","","","","","",""
ration_urinary_energy_fraction,"",ANY,ANY,"","","",0,TRUE,0.2,TRUE,ANY,ANY,"","","","","","","","","","","","","","","",""
simulation_duration,"",ANY,ANY,"","","",0,FALSE,3650,TRUE,ANY,ANY,"","","","","","","","","","","","","","","",""
size_total,"",ANY,ANY,"","","",1,TRUE,Inf,TRUE,ANY,ANY,"","","","","","","","","","","","","","","",""
species_short,cohort_level_data,ANY,ANY,ANY,R,"",,,,,"","","","","",X,X,X,X,X,X,X,X,X,X,X,X,run_gleam / module joins
volatile_solids,"",ANY,ANY,"","","",0,TRUE,Inf,TRUE,ANY,ANY,"","","","","","","","","","","","","","","",""
work_allocation_energy,"",ANY,ANY,"","","",0,TRUE,Inf,TRUE,ANY,ANY,"","","","","","","","","","","","","","","",""
