ADM0_CODE,Animal_short,HerdType_short,mms_all,mmspasture,ipcc_method
8,CTL,DRY,0.13,0.13,2006
8,CTL,,0.1,0.1,2006
8,BFL,,0.1,0.1,2006
8,PGS,,0.29,0.29,2006
8,SHP,,0.13,0.13,2006
8,GTS,,0.13,0.13,2006
8,CML,,0.21,0.21,2006
8,CHK,LAY,0.39,0.39,2006
8,CHK,BRL,0.36,0.36,2006
29,CTL,DRY,0.13,0.13,2006
29,CTL,,0.1,0.1,2006
29,BFL,,0.1,0.1,2006
29,PGS,,0.29,0.29,2006
29,SHP,,0.13,0.13,2006
29,GTS,,0.13,0.13,2006
29,CML,,0.21,0.21,2006
29,CHK,LAY,0.39,0.39,2006
29,CHK,BRL,0.36,0.36,2006
35,CTL,DRY,0.13,0.13,2006
35,CTL,,0.1,0.1,2006
35,BFL,,0.1,0.1,2006
35,PGS,,0.29,0.29,2006
35,SHP,,0.13,0.13,2006
35,GTS,,0.13,0.13,2006
35,CML,,0.21,0.21,2006
35,CHK,LAY,0.39,0.39,2006
35,CHK,BRL,0.36,0.36,2006
42,CTL,DRY,0.13,0.13,2006
42,CTL,,0.1,0.1,2006
42,BFL,,0.1,0.1,2006
42,PGS,,0.29,0.29,2006
42,SHP,,0.13,0.13,2006
42,GTS,,0.13,0.13,2006
42,CML,,0.21,0.21,2006
42,CHK,LAY,0.39,0.39,2006
42,CHK,BRL,0.36,0.36,2006
43,CTL,DRY,0.13,0.13,2006
43,CTL,,0.1,0.1,2006
43,BFL,,0.1,0.1,2006
43,PGS,,0.29,0.29,2006
43,SHP,,0.13,0.13,2006
43,GTS,,0.13,0.13,2006
43,CML,,0.21,0.21,2006
43,CHK,LAY,0.39,0.39,2006
43,CHK,BRL,0.36,0.36,2006
66,CTL,DRY,0.13,0.13,2006
66,CTL,,0.1,0.1,2006
66,BFL,,0.1,0.1,2006
66,PGS,,0.29,0.29,2006
66,SHP,,0.13,0.13,2006
66,GTS,,0.13,0.13,2006
66,CML,,0.21,0.21,2006
66,CHK,LAY,0.39,0.39,2006
66,CHK,BRL,0.36,0.36,2006
47,CTL,DRY,0.13,0.13,2006
47,CTL,,0.1,0.1,2006
47,BFL,,0.1,0.1,2006
47,PGS,,0.29,0.29,2006
47,SHP,,0.13,0.13,2006
47,GTS,,0.13,0.13,2006
47,CML,,0.21,0.21,2006
47,CHK,LAY,0.39,0.39,2006
47,CHK,BRL,0.36,0.36,2006
45,CTL,DRY,0.13,0.13,2006
45,CTL,,0.1,0.1,2006
45,BFL,,0.1,0.1,2006
45,PGS,,0.29,0.29,2006
45,SHP,,0.13,0.13,2006
45,GTS,,0.13,0.13,2006
45,CML,,0.21,0.21,2006
45,CHK,LAY,0.39,0.39,2006
45,CHK,BRL,0.36,0.36,2006
49,CTL,DRY,0.13,0.13,2006
49,CTL,,0.1,0.1,2006
49,BFL,,0.1,0.1,2006
49,PGS,,0.29,0.29,2006
49,SHP,,0.13,0.13,2006
49,GTS,,0.13,0.13,2006
49,CML,,0.21,0.21,2006
49,CHK,LAY,0.39,0.39,2006
49,CHK,BRL,0.36,0.36,2006
50,CTL,DRY,0.13,0.13,2006
50,CTL,,0.1,0.1,2006
50,BFL,,0.1,0.1,2006
50,PGS,,0.29,0.29,2006
50,SHP,,0.13,0.13,2006
50,GTS,,0.13,0.13,2006
50,CML,,0.21,0.21,2006
50,CHK,LAY,0.39,0.39,2006
50,CHK,BRL,0.36,0.36,2006
58,CTL,DRY,0.13,0.13,2006
58,CTL,,0.1,0.1,2006
58,BFL,,0.1,0.1,2006
58,PGS,,0.29,0.29,2006
58,SHP,,0.13,0.13,2006
58,GTS,,0.13,0.13,2006
58,CML,,0.21,0.21,2006
58,CHK,LAY,0.39,0.39,2006
58,CHK,BRL,0.36,0.36,2006
59,CTL,DRY,0.13,0.13,2006
59,CTL,,0.1,0.1,2006
59,BFL,,0.1,0.1,2006
59,PGS,,0.29,0.29,2006
59,SHP,,0.13,0.13,2006
59,GTS,,0.13,0.13,2006
59,CML,,0.21,0.21,2006
59,CHK,LAY,0.39,0.39,2006
59,CHK,BRL,0.36,0.36,2006
68,CTL,DRY,0.13,0.13,2006
68,CTL,,0.1,0.1,2006
68,BFL,,0.1,0.1,2006
68,PGS,,0.29,0.29,2006
68,SHP,,0.13,0.13,2006
68,GTS,,0.13,0.13,2006
68,CML,,0.21,0.21,2006
68,CHK,LAY,0.39,0.39,2006
68,CHK,BRL,0.36,0.36,2006
70,CTL,DRY,0.13,0.13,2006
70,CTL,,0.1,0.1,2006
70,BFL,,0.1,0.1,2006
70,PGS,,0.29,0.29,2006
70,SHP,,0.13,0.13,2006
70,GTS,,0.13,0.13,2006
70,CML,,0.21,0.21,2006
70,CHK,LAY,0.39,0.39,2006
70,CHK,BRL,0.36,0.36,2006
76,CTL,DRY,0.13,0.13,2006
76,CTL,,0.1,0.1,2006
76,BFL,,0.1,0.1,2006
76,PGS,,0.29,0.29,2006
76,SHP,,0.13,0.13,2006
76,GTS,,0.13,0.13,2006
76,CML,,0.21,0.21,2006
76,CHK,LAY,0.39,0.39,2006
76,CHK,BRL,0.36,0.36,2006
77,CTL,DRY,0.13,0.13,2006
77,CTL,,0.1,0.1,2006
77,BFL,,0.1,0.1,2006
77,PGS,,0.29,0.29,2006
77,SHP,,0.13,0.13,2006
77,GTS,,0.13,0.13,2006
77,CML,,0.21,0.21,2006
77,CHK,LAY,0.39,0.39,2006
77,CHK,BRL,0.36,0.36,2006
235,CTL,DRY,0.13,0.13,2006
235,CTL,,0.1,0.1,2006
235,BFL,,0.1,0.1,2006
235,PGS,,0.29,0.29,2006
235,SHP,,0.13,0.13,2006
235,GTS,,0.13,0.13,2006
235,CML,,0.21,0.21,2006
235,CHK,LAY,0.39,0.39,2006
235,CHK,BRL,0.36,0.36,2006
79,CTL,DRY,0.13,0.13,2006
79,CTL,,0.1,0.1,2006
79,BFL,,0.1,0.1,2006
79,PGS,,0.29,0.29,2006
79,SHP,,0.13,0.13,2006
79,GTS,,0.13,0.13,2006
79,CML,,0.21,0.21,2006
79,CHK,LAY,0.39,0.39,2006
79,CHK,BRL,0.36,0.36,2006
89,CTL,DRY,0.13,0.13,2006
89,CTL,,0.1,0.1,2006
89,BFL,,0.1,0.1,2006
89,PGS,,0.29,0.29,2006
89,SHP,,0.13,0.13,2006
89,GTS,,0.13,0.13,2006
89,CML,,0.21,0.21,2006
89,CHK,LAY,0.39,0.39,2006
89,CHK,BRL,0.36,0.36,2006
90,CTL,DRY,0.13,0.13,2006
90,CTL,,0.1,0.1,2006
90,BFL,,0.1,0.1,2006
90,PGS,,0.29,0.29,2006
90,SHP,,0.13,0.13,2006
90,GTS,,0.13,0.13,2006
90,CML,,0.21,0.21,2006
90,CHK,LAY,0.39,0.39,2006
90,CHK,BRL,0.36,0.36,2006
94,CTL,DRY,0.13,0.13,2006
94,CTL,,0.1,0.1,2006
94,BFL,,0.1,0.1,2006
94,PGS,,0.29,0.29,2006
94,SHP,,0.13,0.13,2006
94,GTS,,0.13,0.13,2006
94,CML,,0.21,0.21,2006
94,CHK,LAY,0.39,0.39,2006
94,CHK,BRL,0.36,0.36,2006
106,CTL,DRY,0.13,0.13,2006
106,CTL,,0.1,0.1,2006
106,BFL,,0.1,0.1,2006
106,PGS,,0.29,0.29,2006
106,SHP,,0.13,0.13,2006
106,GTS,,0.13,0.13,2006
106,CML,,0.21,0.21,2006
106,CHK,LAY,0.39,0.39,2006
106,CHK,BRL,0.36,0.36,2006
105,CTL,DRY,0.13,0.13,2006
105,CTL,,0.1,0.1,2006
105,BFL,,0.1,0.1,2006
105,PGS,,0.29,0.29,2006
105,SHP,,0.13,0.13,2006
105,GTS,,0.13,0.13,2006
105,CML,,0.21,0.21,2006
105,CHK,LAY,0.39,0.39,2006
105,CHK,BRL,0.36,0.36,2006
133,CTL,DRY,0.13,0.13,2006
133,CTL,,0.1,0.1,2006
133,BFL,,0.1,0.1,2006
133,PGS,,0.29,0.29,2006
133,SHP,,0.13,0.13,2006
133,GTS,,0.13,0.13,2006
133,CML,,0.21,0.21,2006
133,CHK,LAY,0.39,0.39,2006
133,CHK,BRL,0.36,0.36,2006
142,CTL,DRY,0.13,0.13,2006
142,CTL,,0.1,0.1,2006
142,BFL,,0.1,0.1,2006
142,PGS,,0.29,0.29,2006
142,SHP,,0.13,0.13,2006
142,GTS,,0.13,0.13,2006
142,CML,,0.21,0.21,2006
142,CHK,LAY,0.39,0.39,2006
142,CHK,BRL,0.36,0.36,2006
144,CTL,DRY,0.13,0.13,2006
144,CTL,,0.1,0.1,2006
144,BFL,,0.1,0.1,2006
144,PGS,,0.29,0.29,2006
144,SHP,,0.13,0.13,2006
144,GTS,,0.13,0.13,2006
144,CML,,0.21,0.21,2006
144,CHK,LAY,0.39,0.39,2006
144,CHK,BRL,0.36,0.36,2006
150,CTL,DRY,0.13,0.13,2006
150,CTL,,0.1,0.1,2006
150,BFL,,0.1,0.1,2006
150,PGS,,0.29,0.29,2006
150,SHP,,0.13,0.13,2006
150,GTS,,0.13,0.13,2006
150,CML,,0.21,0.21,2006
150,CHK,LAY,0.39,0.39,2006
150,CHK,BRL,0.36,0.36,2006
152,CTL,DRY,0.13,0.13,2006
152,CTL,,0.1,0.1,2006
152,BFL,,0.1,0.1,2006
152,PGS,,0.29,0.29,2006
152,SHP,,0.13,0.13,2006
152,GTS,,0.13,0.13,2006
152,CML,,0.21,0.21,2006
152,CHK,LAY,0.39,0.39,2006
152,CHK,BRL,0.36,0.36,2006
155,CTL,DRY,0.13,0.13,2006
155,CTL,,0.1,0.1,2006
155,BFL,,0.1,0.1,2006
155,PGS,,0.29,0.29,2006
155,SHP,,0.13,0.13,2006
155,GTS,,0.13,0.13,2006
155,CML,,0.21,0.21,2006
155,CHK,LAY,0.39,0.39,2006
155,CHK,BRL,0.36,0.36,2006
159,CTL,DRY,0.13,0.13,2006
159,CTL,,0.1,0.1,2006
159,BFL,,0.1,0.1,2006
159,PGS,,0.29,0.29,2006
159,SHP,,0.13,0.13,2006
159,GTS,,0.13,0.13,2006
159,CML,,0.21,0.21,2006
159,CHK,LAY,0.39,0.39,2006
159,CHK,BRL,0.36,0.36,2006
160,CTL,DRY,0.13,0.13,2006
160,CTL,,0.1,0.1,2006
160,BFL,,0.1,0.1,2006
160,PGS,,0.29,0.29,2006
160,SHP,,0.13,0.13,2006
160,GTS,,0.13,0.13,2006
160,CML,,0.21,0.21,2006
160,CHK,LAY,0.39,0.39,2006
160,CHK,BRL,0.36,0.36,2006
161,CTL,DRY,0.13,0.13,2006
161,CTL,,0.1,0.1,2006
161,BFL,,0.1,0.1,2006
161,PGS,,0.29,0.29,2006
161,SHP,,0.13,0.13,2006
161,GTS,,0.13,0.13,2006
161,CML,,0.21,0.21,2006
161,CHK,LAY,0.39,0.39,2006
161,CHK,BRL,0.36,0.36,2006
170,CTL,DRY,0.13,0.13,2006
170,CTL,,0.1,0.1,2006
170,BFL,,0.1,0.1,2006
170,PGS,,0.29,0.29,2006
170,SHP,,0.13,0.13,2006
170,GTS,,0.13,0.13,2006
170,CML,,0.21,0.21,2006
170,CHK,LAY,0.39,0.39,2006
170,CHK,BRL,0.36,0.36,2006
172,CTL,DRY,0.13,0.13,2006
172,CTL,,0.1,0.1,2006
172,BFL,,0.1,0.1,2006
172,PGS,,0.29,0.29,2006
172,SHP,,0.13,0.13,2006
172,GTS,,0.13,0.13,2006
172,CML,,0.21,0.21,2006
172,CHK,LAY,0.39,0.39,2006
172,CHK,BRL,0.36,0.36,2006
181,CTL,DRY,0.13,0.13,2006
181,CTL,,0.1,0.1,2006
181,BFL,,0.1,0.1,2006
181,PGS,,0.29,0.29,2006
181,SHP,,0.13,0.13,2006
181,GTS,,0.13,0.13,2006
181,CML,,0.21,0.21,2006
181,CHK,LAY,0.39,0.39,2006
181,CHK,BRL,0.36,0.36,2006
182,CTL,DRY,0.13,0.13,2006
182,CTL,,0.1,0.1,2006
182,BFL,,0.1,0.1,2006
182,PGS,,0.29,0.29,2006
182,SHP,,0.13,0.13,2006
182,GTS,,0.13,0.13,2006
182,CML,,0.21,0.21,2006
182,CHK,LAY,0.39,0.39,2006
182,CHK,BRL,0.36,0.36,2006
206,CTL,DRY,0.13,0.13,2006
206,CTL,,0.1,0.1,2006
206,BFL,,0.1,0.1,2006
206,PGS,,0.29,0.29,2006
206,SHP,,0.13,0.13,2006
206,GTS,,0.13,0.13,2006
206,CML,,0.21,0.21,2006
206,CHK,LAY,0.39,0.39,2006
206,CHK,BRL,0.36,0.36,2006
205,CTL,DRY,0.13,0.13,2006
205,CTL,,0.1,0.1,2006
205,BFL,,0.1,0.1,2006
205,PGS,,0.29,0.29,2006
205,SHP,,0.13,0.13,2006
205,GTS,,0.13,0.13,2006
205,CML,,0.21,0.21,2006
205,CHK,LAY,0.39,0.39,2006
205,CHK,BRL,0.36,0.36,2006
207,CTL,DRY,0.13,0.13,2006
207,CTL,,0.1,0.1,2006
207,BFL,,0.1,0.1,2006
207,PGS,,0.29,0.29,2006
207,SHP,,0.13,0.13,2006
207,GTS,,0.13,0.13,2006
207,CML,,0.21,0.21,2006
207,CHK,LAY,0.39,0.39,2006
207,CHK,BRL,0.36,0.36,2006
214,CTL,DRY,0.13,0.13,2006
214,CTL,,0.1,0.1,2006
214,BFL,,0.1,0.1,2006
214,PGS,,0.29,0.29,2006
214,SHP,,0.13,0.13,2006
214,GTS,,0.13,0.13,2006
214,CML,,0.21,0.21,2006
214,CHK,LAY,0.39,0.39,2006
214,CHK,BRL,0.36,0.36,2006
217,CTL,DRY,0.13,0.13,2006
217,CTL,,0.1,0.1,2006
217,BFL,,0.1,0.1,2006
217,PGS,,0.29,0.29,2006
217,SHP,,0.13,0.13,2006
217,GTS,,0.13,0.13,2006
217,CML,,0.21,0.21,2006
217,CHK,LAY,0.39,0.39,2006
217,CHK,BRL,0.36,0.36,2006
220,CTL,DRY,0.13,0.13,2006
220,CTL,,0.1,0.1,2006
220,BFL,,0.1,0.1,2006
220,PGS,,0.29,0.29,2006
220,SHP,,0.13,0.13,2006
220,GTS,,0.13,0.13,2006
220,CML,,0.21,0.21,2006
220,CHK,LAY,0.39,0.39,2006
220,CHK,BRL,0.36,0.36,2006
221,CTL,DRY,0.13,0.13,2006
221,CTL,,0.1,0.1,2006
221,BFL,,0.1,0.1,2006
221,PGS,,0.29,0.29,2006
221,SHP,,0.13,0.13,2006
221,GTS,,0.13,0.13,2006
221,CML,,0.21,0.21,2006
221,CHK,LAY,0.39,0.39,2006
221,CHK,BRL,0.36,0.36,2006
226,CTL,DRY,0.13,0.13,2006
226,CTL,,0.1,0.1,2006
226,BFL,,0.1,0.1,2006
226,PGS,,0.29,0.29,2006
226,SHP,,0.13,0.13,2006
226,GTS,,0.13,0.13,2006
226,CML,,0.21,0.21,2006
226,CHK,LAY,0.39,0.39,2006
226,CHK,BRL,0.36,0.36,2006
227,CTL,DRY,0.13,0.13,2006
227,CTL,,0.1,0.1,2006
227,BFL,,0.1,0.1,2006
227,PGS,,0.29,0.29,2006
227,SHP,,0.13,0.13,2006
227,GTS,,0.13,0.13,2006
227,CML,,0.21,0.21,2006
227,CHK,LAY,0.39,0.39,2006
227,CHK,BRL,0.36,0.36,2006
243,CTL,DRY,0.13,0.13,2006
243,CTL,,0.1,0.1,2006
243,BFL,,0.1,0.1,2006
243,PGS,,0.29,0.29,2006
243,SHP,,0.13,0.13,2006
243,GTS,,0.13,0.13,2006
243,CML,,0.21,0.21,2006
243,CHK,LAY,0.39,0.39,2006
243,CHK,BRL,0.36,0.36,2006
253,CTL,DRY,0.13,0.13,2006
253,CTL,,0.1,0.1,2006
253,BFL,,0.1,0.1,2006
253,PGS,,0.29,0.29,2006
253,SHP,,0.13,0.13,2006
253,GTS,,0.13,0.13,2006
253,CML,,0.21,0.21,2006
253,CHK,LAY,0.39,0.39,2006
253,CHK,BRL,0.36,0.36,2006
257,CTL,DRY,0.13,0.13,2006
257,CTL,,0.1,0.1,2006
257,BFL,,0.1,0.1,2006
257,PGS,,0.29,0.29,2006
257,SHP,,0.13,0.13,2006
257,GTS,,0.13,0.13,2006
257,CML,,0.21,0.21,2006
257,CHK,LAY,0.39,0.39,2006
257,CHK,BRL,0.36,0.36,2006
270,CTL,DRY,0.13,0.13,2006
270,CTL,,0.1,0.1,2006
270,BFL,,0.1,0.1,2006
270,PGS,,0.29,0.29,2006
270,SHP,,0.13,0.13,2006
270,GTS,,0.13,0.13,2006
270,CML,,0.21,0.21,2006
270,CHK,LAY,0.39,0.39,2006
270,CHK,BRL,0.36,0.36,2006
271,CTL,DRY,0.13,0.13,2006
271,CTL,,0.1,0.1,2006
271,BFL,,0.1,0.1,2006
271,PGS,,0.29,0.29,2006
271,SHP,,0.13,0.13,2006
271,GTS,,0.13,0.13,2006
271,CML,,0.21,0.21,2006
271,CHK,LAY,0.39,0.39,2006
271,CHK,BRL,0.36,0.36,2006
2,CTL,DRY,0.13,0.13,2006
2,CTL,,0.1,0.1,2006
2,BFL,,0.1,0.1,2006
2,PGS,,0.29,0.29,2006
2,SHP,,0.13,0.13,2006
2,GTS,,0.13,0.13,2006
2,CML,,0.21,0.21,2006
2,CHK,LAY,0.39,0.39,2006
2,CHK,BRL,0.36,0.36,2006
15,CTL,DRY,0.13,0.13,2006
15,CTL,,0.1,0.1,2006
15,BFL,,0.1,0.1,2006
15,PGS,,0.29,0.29,2006
15,SHP,,0.13,0.13,2006
15,GTS,,0.13,0.13,2006
15,CML,,0.21,0.21,2006
15,CHK,LAY,0.39,0.39,2006
15,CHK,BRL,0.36,0.36,2006
40,CTL,DRY,0.13,0.13,2006
40,CTL,,0.1,0.1,2006
40,BFL,,0.1,0.1,2006
40,PGS,,0.29,0.29,2006
40,SHP,,0.13,0.13,2006
40,GTS,,0.13,0.13,2006
40,CML,,0.21,0.21,2006
40,CHK,LAY,0.39,0.39,2006
40,CHK,BRL,0.36,0.36,2006
44,CTL,DRY,0.13,0.13,2006
44,CTL,,0.1,0.1,2006
44,BFL,,0.1,0.1,2006
44,PGS,,0.29,0.29,2006
44,SHP,,0.13,0.13,2006
44,GTS,,0.13,0.13,2006
44,CML,,0.21,0.21,2006
44,CHK,LAY,0.39,0.39,2006
44,CHK,BRL,0.36,0.36,2006
147295,CTL,DRY,0.13,0.13,2006
147295,CTL,,0.1,0.1,2006
147295,BFL,,0.1,0.1,2006
147295,PGS,,0.29,0.29,2006
147295,SHP,,0.13,0.13,2006
147295,GTS,,0.13,0.13,2006
147295,CML,,0.21,0.21,2006
147295,CHK,LAY,0.39,0.39,2006
147295,CHK,BRL,0.36,0.36,2006
33364,CTL,DRY,0.13,0.13,2006
33364,CTL,,0.1,0.1,2006
33364,BFL,,0.1,0.1,2006
33364,PGS,,0.29,0.29,2006
33364,SHP,,0.13,0.13,2006
33364,GTS,,0.13,0.13,2006
33364,CML,,0.21,0.21,2006
33364,CHK,LAY,0.39,0.39,2006
33364,CHK,BRL,0.36,0.36,2006
149,CTL,DRY,0.13,0.13,2006
149,CTL,,0.1,0.1,2006
149,BFL,,0.1,0.1,2006
149,PGS,,0.29,0.29,2006
149,SHP,,0.13,0.13,2006
149,GTS,,0.13,0.13,2006
149,CML,,0.21,0.21,2006
149,CHK,LAY,0.39,0.39,2006
149,CHK,BRL,0.36,0.36,2006
147296,CTL,DRY,0.13,0.13,2006
147296,CTL,,0.1,0.1,2006
147296,BFL,,0.1,0.1,2006
147296,PGS,,0.29,0.29,2006
147296,SHP,,0.13,0.13,2006
147296,GTS,,0.13,0.13,2006
147296,CML,,0.21,0.21,2006
147296,CHK,LAY,0.39,0.39,2006
147296,CHK,BRL,0.36,0.36,2006
52,CTL,DRY,0.13,0.13,2006
52,CTL,,0.1,0.1,2006
52,BFL,,0.1,0.1,2006
52,PGS,,0.29,0.29,2006
52,SHP,,0.13,0.13,2006
52,GTS,,0.13,0.13,2006
52,CML,,0.21,0.21,2006
52,CHK,LAY,0.39,0.39,2006
52,CHK,BRL,0.36,0.36,2006
67,CTL,DRY,0.13,0.13,2006
67,CTL,,0.1,0.1,2006
67,BFL,,0.1,0.1,2006
67,PGS,,0.29,0.29,2006
67,SHP,,0.13,0.13,2006
67,GTS,,0.13,0.13,2006
67,CML,,0.21,0.21,2006
67,CHK,LAY,0.39,0.39,2006
67,CHK,BRL,0.36,0.36,2006
116,CTL,DRY,0.13,0.13,2006
116,CTL,,0.1,0.1,2006
116,BFL,,0.1,0.1,2006
116,PGS,,0.29,0.29,2006
116,SHP,,0.13,0.13,2006
116,GTS,,0.13,0.13,2006
116,CML,,0.21,0.21,2006
116,CHK,LAY,0.39,0.39,2006
116,CHK,BRL,0.36,0.36,2006
40781,CTL,DRY,0.13,0.13,2006
40781,CTL,,0.1,0.1,2006
40781,BFL,,0.1,0.1,2006
40781,PGS,,0.29,0.29,2006
40781,SHP,,0.13,0.13,2006
40781,GTS,,0.13,0.13,2006
40781,CML,,0.21,0.21,2006
40781,CHK,LAY,0.39,0.39,2006
40781,CHK,BRL,0.36,0.36,2006
126,CTL,DRY,0.13,0.13,2006
126,CTL,,0.1,0.1,2006
126,BFL,,0.1,0.1,2006
126,PGS,,0.29,0.29,2006
126,SHP,,0.13,0.13,2006
126,GTS,,0.13,0.13,2006
126,CML,,0.21,0.21,2006
126,CHK,LAY,0.39,0.39,2006
126,CHK,BRL,0.36,0.36,2006
136,CTL,DRY,0.13,0.13,2006
136,CTL,,0.1,0.1,2006
136,BFL,,0.1,0.1,2006
136,PGS,,0.29,0.29,2006
136,SHP,,0.13,0.13,2006
136,GTS,,0.13,0.13,2006
136,CML,,0.21,0.21,2006
136,CHK,LAY,0.39,0.39,2006
136,CHK,BRL,0.36,0.36,2006
139,CTL,DRY,0.13,0.13,2006
139,CTL,,0.1,0.1,2006
139,BFL,,0.1,0.1,2006
139,PGS,,0.29,0.29,2006
139,SHP,,0.13,0.13,2006
139,GTS,,0.13,0.13,2006
139,CML,,0.21,0.21,2006
139,CHK,LAY,0.39,0.39,2006
139,CHK,BRL,0.36,0.36,2006
153,CTL,DRY,0.13,0.13,2006
153,CTL,,0.1,0.1,2006
153,BFL,,0.1,0.1,2006
153,PGS,,0.29,0.29,2006
153,SHP,,0.13,0.13,2006
153,GTS,,0.13,0.13,2006
153,CML,,0.21,0.21,2006
153,CHK,LAY,0.39,0.39,2006
153,CHK,BRL,0.36,0.36,2006
167,CTL,DRY,0.13,0.13,2006
167,CTL,,0.1,0.1,2006
167,BFL,,0.1,0.1,2006
167,PGS,,0.29,0.29,2006
167,SHP,,0.13,0.13,2006
167,GTS,,0.13,0.13,2006
167,CML,,0.21,0.21,2006
167,CHK,LAY,0.39,0.39,2006
167,CHK,BRL,0.36,0.36,2006
171,CTL,DRY,0.13,0.13,2006
171,CTL,,0.1,0.1,2006
171,BFL,,0.1,0.1,2006
171,PGS,,0.29,0.29,2006
171,SHP,,0.13,0.13,2006
171,GTS,,0.13,0.13,2006
171,CML,,0.21,0.21,2006
171,CHK,LAY,0.39,0.39,2006
171,CHK,BRL,0.36,0.36,2006
196,CTL,DRY,0.13,0.13,2006
196,CTL,,0.1,0.1,2006
196,BFL,,0.1,0.1,2006
196,PGS,,0.29,0.29,2006
196,SHP,,0.13,0.13,2006
196,GTS,,0.13,0.13,2006
196,CML,,0.21,0.21,2006
196,CHK,LAY,0.39,0.39,2006
196,CHK,BRL,0.36,0.36,2006
202,CTL,DRY,0.13,0.13,2006
202,CTL,,0.1,0.1,2006
202,BFL,,0.1,0.1,2006
202,PGS,,0.29,0.29,2006
202,SHP,,0.13,0.13,2006
202,GTS,,0.13,0.13,2006
202,CML,,0.21,0.21,2006
202,CHK,LAY,0.39,0.39,2006
202,CHK,BRL,0.36,0.36,2006
222,CTL,DRY,0.13,0.13,2006
222,CTL,,0.1,0.1,2006
222,BFL,,0.1,0.1,2006
222,PGS,,0.29,0.29,2006
222,SHP,,0.13,0.13,2006
222,GTS,,0.13,0.13,2006
222,CML,,0.21,0.21,2006
222,CHK,LAY,0.39,0.39,2006
222,CHK,BRL,0.36,0.36,2006
240,CTL,DRY,0.13,0.13,2006
240,CTL,,0.1,0.1,2006
240,BFL,,0.1,0.1,2006
240,PGS,,0.29,0.29,2006
240,SHP,,0.13,0.13,2006
240,GTS,,0.13,0.13,2006
240,CML,,0.21,0.21,2006
240,CHK,LAY,0.39,0.39,2006
240,CHK,BRL,0.36,0.36,2006
242,CTL,DRY,0.13,0.13,2006
242,CTL,,0.1,0.1,2006
242,BFL,,0.1,0.1,2006
242,PGS,,0.29,0.29,2006
242,SHP,,0.13,0.13,2006
242,GTS,,0.13,0.13,2006
242,CML,,0.21,0.21,2006
242,CHK,LAY,0.39,0.39,2006
242,CHK,BRL,0.36,0.36,2006
264,CTL,DRY,0.13,0.13,2006
264,CTL,,0.1,0.1,2006
264,BFL,,0.1,0.1,2006
264,PGS,,0.29,0.29,2006
264,SHP,,0.13,0.13,2006
264,GTS,,0.13,0.13,2006
264,CML,,0.21,0.21,2006
264,CHK,LAY,0.39,0.39,2006
264,CHK,BRL,0.36,0.36,2006
13,CTL,DRY,0.24,0.24,2006
13,CTL,,0.17,0.17,2006
13,BFL,,0.1,0.1,2006
13,PGS,,0.45,0.45,2006
13,SHP,,0.19,0.19,2006
13,GTS,,0.18,0.18,2006
13,CML,,0.26,0.26,2006
13,CHK,LAY,0.39,0.39,2006
13,CHK,BRL,0.36,0.36,2006
19,CTL,DRY,0.24,0.24,2006
19,CTL,,0.17,0.17,2006
19,BFL,,0.1,0.1,2006
19,PGS,,0.45,0.45,2006
19,SHP,,0.19,0.19,2006
19,GTS,,0.18,0.18,2006
19,CML,,0.26,0.26,2006
19,CHK,LAY,0.39,0.39,2006
19,CHK,BRL,0.36,0.36,2006
26,CTL,DRY,0.24,0.24,2006
26,CTL,,0.17,0.17,2006
26,BFL,,0.1,0.1,2006
26,PGS,,0.45,0.45,2006
26,SHP,,0.19,0.19,2006
26,GTS,,0.18,0.18,2006
26,CML,,0.26,0.26,2006
26,CHK,LAY,0.39,0.39,2006
26,CHK,BRL,0.36,0.36,2006
41,CTL,DRY,0.24,0.24,2006
41,CTL,,0.17,0.17,2006
41,BFL,,0.1,0.1,2006
41,PGS,,0.45,0.45,2006
41,SHP,,0.19,0.19,2006
41,GTS,,0.18,0.18,2006
41,CML,,0.26,0.26,2006
41,CHK,LAY,0.39,0.39,2006
41,CHK,BRL,0.36,0.36,2006
64,CTL,DRY,0.24,0.24,2006
64,CTL,,0.17,0.17,2006
64,BFL,,0.1,0.1,2006
64,PGS,,0.45,0.45,2006
64,SHP,,0.19,0.19,2006
64,GTS,,0.18,0.18,2006
64,CML,,0.26,0.26,2006
64,CHK,LAY,0.39,0.39,2006
64,CHK,BRL,0.36,0.36,2006
65,CTL,DRY,0.24,0.24,2006
65,CTL,,0.17,0.17,2006
65,BFL,,0.1,0.1,2006
65,PGS,,0.45,0.45,2006
65,SHP,,0.19,0.19,2006
65,GTS,,0.18,0.18,2006
65,CML,,0.26,0.26,2006
65,CHK,LAY,0.39,0.39,2006
65,CHK,BRL,0.36,0.36,2006
92,CTL,DRY,0.24,0.24,2006
92,CTL,,0.17,0.17,2006
92,BFL,,0.1,0.1,2006
92,PGS,,0.45,0.45,2006
92,SHP,,0.19,0.19,2006
92,GTS,,0.18,0.18,2006
92,CML,,0.26,0.26,2006
92,CHK,LAY,0.39,0.39,2006
92,CHK,BRL,0.36,0.36,2006
113,CTL,DRY,0.24,0.24,2006
113,CTL,,0.17,0.17,2006
113,BFL,,0.1,0.1,2006
113,PGS,,0.45,0.45,2006
113,SHP,,0.19,0.19,2006
113,GTS,,0.18,0.18,2006
113,CML,,0.26,0.26,2006
113,CHK,LAY,0.39,0.39,2006
113,CHK,BRL,0.36,0.36,2006
132,CTL,DRY,0.24,0.24,2006
132,CTL,,0.17,0.17,2006
132,BFL,,0.1,0.1,2006
132,PGS,,0.45,0.45,2006
132,SHP,,0.19,0.19,2006
132,GTS,,0.18,0.18,2006
132,CML,,0.26,0.26,2006
132,CHK,LAY,0.39,0.39,2006
132,CHK,BRL,0.36,0.36,2006
138,CTL,DRY,0.24,0.24,2006
138,CTL,,0.17,0.17,2006
138,BFL,,0.1,0.1,2006
138,PGS,,0.45,0.45,2006
138,SHP,,0.19,0.19,2006
138,GTS,,0.18,0.18,2006
138,CML,,0.26,0.26,2006
138,CHK,LAY,0.39,0.39,2006
138,CHK,BRL,0.36,0.36,2006
165,CTL,DRY,0.24,0.24,2006
165,CTL,,0.17,0.17,2006
165,BFL,,0.1,0.1,2006
165,PGS,,0.45,0.45,2006
165,SHP,,0.19,0.19,2006
165,GTS,,0.18,0.18,2006
165,CML,,0.26,0.26,2006
165,CHK,LAY,0.39,0.39,2006
165,CHK,BRL,0.36,0.36,2006
198,CTL,DRY,0.24,0.24,2006
198,CTL,,0.17,0.17,2006
198,BFL,,0.1,0.1,2006
198,PGS,,0.45,0.45,2006
198,SHP,,0.19,0.19,2006
198,GTS,,0.18,0.18,2006
198,CML,,0.26,0.26,2006
198,CHK,LAY,0.39,0.39,2006
198,CHK,BRL,0.36,0.36,2006
203,CTL,DRY,0.24,0.24,2006
203,CTL,,0.17,0.17,2006
203,BFL,,0.1,0.1,2006
203,PGS,,0.45,0.45,2006
203,SHP,,0.19,0.19,2006
203,GTS,,0.18,0.18,2006
203,CML,,0.26,0.26,2006
203,CHK,LAY,0.39,0.39,2006
203,CHK,BRL,0.36,0.36,2006
223,CTL,DRY,0.24,0.24,2006
223,CTL,,0.17,0.17,2006
223,BFL,,0.1,0.1,2006
223,PGS,,0.45,0.45,2006
223,SHP,,0.19,0.19,2006
223,GTS,,0.18,0.18,2006
223,CML,,0.26,0.26,2006
223,CHK,LAY,0.39,0.39,2006
223,CHK,BRL,0.36,0.36,2006
239,CTL,DRY,0.24,0.24,2006
239,CTL,,0.17,0.17,2006
239,BFL,,0.1,0.1,2006
239,PGS,,0.45,0.45,2006
239,SHP,,0.19,0.19,2006
239,GTS,,0.18,0.18,2006
239,CML,,0.26,0.26,2006
239,CHK,LAY,0.39,0.39,2006
239,CHK,BRL,0.36,0.36,2006
249,CTL,DRY,0.24,0.24,2006
249,CTL,,0.17,0.17,2006
249,BFL,,0.1,0.1,2006
249,PGS,,0.45,0.45,2006
249,SHP,,0.19,0.19,2006
249,GTS,,0.18,0.18,2006
249,CML,,0.26,0.26,2006
249,CHK,LAY,0.39,0.39,2006
249,CHK,BRL,0.36,0.36,2006
250,CTL,DRY,0.24,0.24,2006
250,CTL,,0.17,0.17,2006
250,BFL,,0.1,0.1,2006
250,PGS,,0.45,0.45,2006
250,SHP,,0.19,0.19,2006
250,GTS,,0.18,0.18,2006
250,CML,,0.26,0.26,2006
250,CHK,LAY,0.39,0.39,2006
250,CHK,BRL,0.36,0.36,2006
254,CTL,DRY,0.24,0.24,2006
254,CTL,,0.17,0.17,2006
254,BFL,,0.1,0.1,2006
254,PGS,,0.45,0.45,2006
254,SHP,,0.19,0.19,2006
254,GTS,,0.18,0.18,2006
254,CML,,0.26,0.26,2006
254,CHK,LAY,0.39,0.39,2006
254,CHK,BRL,0.36,0.36,2006
261,CTL,DRY,0.24,0.24,2006
261,CTL,,0.17,0.17,2006
261,BFL,,0.1,0.1,2006
261,PGS,,0.45,0.45,2006
261,SHP,,0.19,0.19,2006
261,GTS,,0.18,0.18,2006
261,CML,,0.26,0.26,2006
261,CHK,LAY,0.39,0.39,2006
261,CHK,BRL,0.36,0.36,2006
204,CTL,DRY,0.24,0.24,2006
204,CTL,,0.17,0.17,2006
204,BFL,,0.1,0.1,2006
204,PGS,,0.45,0.45,2006
204,SHP,,0.19,0.19,2006
204,GTS,,0.18,0.18,2006
204,CML,,0.26,0.26,2006
204,CHK,LAY,0.39,0.39,2006
204,CHK,BRL,0.36,0.36,2006
1,CTL,DRY,0.13,0.13,2006
1,CTL,,0.1,0.1,2006
1,BFL,,0.1,0.1,2006
1,PGS,,0.29,0.29,2006
1,SHP,,0.13,0.13,2006
1,GTS,,0.13,0.13,2006
1,CML,,0.21,0.21,2006
1,CHK,LAY,0.39,0.39,2006
1,CHK,BRL,0.36,0.36,2006
23,CTL,DRY,0.13,0.13,2006
23,CTL,,0.1,0.1,2006
23,BFL,,0.1,0.1,2006
23,PGS,,0.29,0.29,2006
23,SHP,,0.13,0.13,2006
23,GTS,,0.13,0.13,2006
23,CML,,0.21,0.21,2006
23,CHK,LAY,0.39,0.39,2006
23,CHK,BRL,0.36,0.36,2006
31,CTL,DRY,0.13,0.13,2006
31,CTL,,0.1,0.1,2006
31,BFL,,0.1,0.1,2006
31,PGS,,0.29,0.29,2006
31,SHP,,0.13,0.13,2006
31,GTS,,0.13,0.13,2006
31,CML,,0.21,0.21,2006
31,CHK,LAY,0.39,0.39,2006
31,CHK,BRL,0.36,0.36,2006
115,CTL,DRY,0.13,0.13,2006
115,CTL,,0.1,0.1,2006
115,BFL,,0.1,0.1,2006
115,PGS,,0.29,0.29,2006
115,SHP,,0.13,0.13,2006
115,GTS,,0.13,0.13,2006
115,CML,,0.21,0.21,2006
115,CHK,LAY,0.39,0.39,2006
115,CHK,BRL,0.36,0.36,2006
154,CTL,DRY,0.13,0.13,2006
154,CTL,,0.1,0.1,2006
154,BFL,,0.1,0.1,2006
154,PGS,,0.29,0.29,2006
154,SHP,,0.13,0.13,2006
154,GTS,,0.13,0.13,2006
154,CML,,0.21,0.21,2006
154,CHK,LAY,0.39,0.39,2006
154,CHK,BRL,0.36,0.36,2006
175,CTL,DRY,0.13,0.13,2006
175,CTL,,0.1,0.1,2006
175,BFL,,0.1,0.1,2006
175,PGS,,0.29,0.29,2006
175,SHP,,0.13,0.13,2006
175,GTS,,0.13,0.13,2006
175,CML,,0.21,0.21,2006
175,CHK,LAY,0.39,0.39,2006
175,CHK,BRL,0.36,0.36,2006
188,CTL,DRY,0.13,0.13,2006
188,CTL,,0.1,0.1,2006
188,BFL,,0.1,0.1,2006
188,PGS,,0.29,0.29,2006
188,SHP,,0.13,0.13,2006
188,GTS,,0.13,0.13,2006
188,CML,,0.21,0.21,2006
188,CHK,LAY,0.39,0.39,2006
188,CHK,BRL,0.36,0.36,2006
231,CTL,DRY,0.13,0.13,2006
231,CTL,,0.1,0.1,2006
231,BFL,,0.1,0.1,2006
231,PGS,,0.29,0.29,2006
231,SHP,,0.13,0.13,2006
231,GTS,,0.13,0.13,2006
231,CML,,0.21,0.21,2006
231,CHK,LAY,0.39,0.39,2006
231,CHK,BRL,0.36,0.36,2006
9,CTL,DRY,0.13,0.13,2006
9,CTL,,0.1,0.1,2006
9,BFL,,0.1,0.1,2006
9,PGS,,0.29,0.29,2006
9,SHP,,0.13,0.13,2006
9,GTS,,0.13,0.13,2006
9,CML,,0.21,0.21,2006
9,CHK,LAY,0.39,0.39,2006
9,CHK,BRL,0.36,0.36,2006
11,CTL,DRY,0.13,0.13,2006
11,CTL,,0.1,0.1,2006
11,BFL,,0.1,0.1,2006
11,PGS,,0.29,0.29,2006
11,SHP,,0.13,0.13,2006
11,GTS,,0.13,0.13,2006
11,CML,,0.21,0.21,2006
11,CHK,LAY,0.39,0.39,2006
11,CHK,BRL,0.36,0.36,2006
12,CTL,DRY,0.13,0.13,2006
12,CTL,,0.1,0.1,2006
12,BFL,,0.1,0.1,2006
12,PGS,,0.29,0.29,2006
12,SHP,,0.13,0.13,2006
12,GTS,,0.13,0.13,2006
12,CML,,0.21,0.21,2006
12,CHK,LAY,0.39,0.39,2006
12,CHK,BRL,0.36,0.36,2006
14,CTL,DRY,0.13,0.13,2006
14,CTL,,0.1,0.1,2006
14,BFL,,0.1,0.1,2006
14,PGS,,0.29,0.29,2006
14,SHP,,0.13,0.13,2006
14,GTS,,0.13,0.13,2006
14,CML,,0.21,0.21,2006
14,CHK,LAY,0.39,0.39,2006
14,CHK,BRL,0.36,0.36,2006
20,CTL,DRY,0.13,0.13,2006
20,CTL,,0.1,0.1,2006
20,BFL,,0.1,0.1,2006
20,PGS,,0.29,0.29,2006
20,SHP,,0.13,0.13,2006
20,GTS,,0.13,0.13,2006
20,CML,,0.21,0.21,2006
20,CHK,LAY,0.39,0.39,2006
20,CHK,BRL,0.36,0.36,2006
24,CTL,DRY,0.13,0.13,2006
24,CTL,,0.1,0.1,2006
24,BFL,,0.1,0.1,2006
24,PGS,,0.29,0.29,2006
24,SHP,,0.13,0.13,2006
24,GTS,,0.13,0.13,2006
24,CML,,0.21,0.21,2006
24,CHK,LAY,0.39,0.39,2006
24,CHK,BRL,0.36,0.36,2006
28,CTL,DRY,0.13,0.13,2006
28,CTL,,0.1,0.1,2006
28,BFL,,0.1,0.1,2006
28,PGS,,0.29,0.29,2006
28,SHP,,0.13,0.13,2006
28,GTS,,0.13,0.13,2006
28,CML,,0.21,0.21,2006
28,CHK,LAY,0.39,0.39,2006
28,CHK,BRL,0.36,0.36,2006
33,CTL,DRY,0.13,0.13,2006
33,CTL,,0.1,0.1,2006
33,BFL,,0.1,0.1,2006
33,PGS,,0.29,0.29,2006
33,SHP,,0.13,0.13,2006
33,GTS,,0.13,0.13,2006
33,CML,,0.21,0.21,2006
33,CHK,LAY,0.39,0.39,2006
33,CHK,BRL,0.36,0.36,2006
37,CTL,DRY,0.13,0.13,2006
37,CTL,,0.1,0.1,2006
37,BFL,,0.1,0.1,2006
37,PGS,,0.29,0.29,2006
37,SHP,,0.13,0.13,2006
37,GTS,,0.13,0.13,2006
37,CML,,0.21,0.21,2006
37,CHK,LAY,0.39,0.39,2006
37,CHK,BRL,0.36,0.36,2006
39,CTL,DRY,0.13,0.13,2006
39,CTL,,0.1,0.1,2006
39,BFL,,0.1,0.1,2006
39,PGS,,0.29,0.29,2006
39,SHP,,0.13,0.13,2006
39,GTS,,0.13,0.13,2006
39,CML,,0.21,0.21,2006
39,CHK,LAY,0.39,0.39,2006
39,CHK,BRL,0.36,0.36,2006
48,CTL,DRY,0.13,0.13,2006
48,CTL,,0.1,0.1,2006
48,BFL,,0.1,0.1,2006
48,PGS,,0.29,0.29,2006
48,SHP,,0.13,0.13,2006
48,GTS,,0.13,0.13,2006
48,CML,,0.21,0.21,2006
48,CHK,LAY,0.39,0.39,2006
48,CHK,BRL,0.36,0.36,2006
51,CTL,DRY,0.13,0.13,2006
51,CTL,,0.1,0.1,2006
51,BFL,,0.1,0.1,2006
51,PGS,,0.29,0.29,2006
51,SHP,,0.13,0.13,2006
51,GTS,,0.13,0.13,2006
51,CML,,0.21,0.21,2006
51,CHK,LAY,0.39,0.39,2006
51,CHK,BRL,0.36,0.36,2006
55,CTL,DRY,0.13,0.13,2006
55,CTL,,0.1,0.1,2006
55,BFL,,0.1,0.1,2006
55,PGS,,0.29,0.29,2006
55,SHP,,0.13,0.13,2006
55,GTS,,0.13,0.13,2006
55,CML,,0.21,0.21,2006
55,CHK,LAY,0.39,0.39,2006
55,CHK,BRL,0.36,0.36,2006
57,CTL,DRY,0.13,0.13,2006
57,CTL,,0.1,0.1,2006
57,BFL,,0.1,0.1,2006
57,PGS,,0.29,0.29,2006
57,SHP,,0.13,0.13,2006
57,GTS,,0.13,0.13,2006
57,CML,,0.21,0.21,2006
57,CHK,LAY,0.39,0.39,2006
57,CHK,BRL,0.36,0.36,2006
61,CTL,DRY,0.13,0.13,2006
61,CTL,,0.1,0.1,2006
61,BFL,,0.1,0.1,2006
61,PGS,,0.29,0.29,2006
61,SHP,,0.13,0.13,2006
61,GTS,,0.13,0.13,2006
61,CML,,0.21,0.21,2006
61,CHK,LAY,0.39,0.39,2006
61,CHK,BRL,0.36,0.36,2006
63,CTL,DRY,0.13,0.13,2006
63,CTL,,0.1,0.1,2006
63,BFL,,0.1,0.1,2006
63,PGS,,0.29,0.29,2006
63,SHP,,0.13,0.13,2006
63,GTS,,0.13,0.13,2006
63,CML,,0.21,0.21,2006
63,CHK,LAY,0.39,0.39,2006
63,CHK,BRL,0.36,0.36,2006
71,CTL,DRY,0.13,0.13,2006
71,CTL,,0.1,0.1,2006
71,BFL,,0.1,0.1,2006
71,PGS,,0.29,0.29,2006
71,SHP,,0.13,0.13,2006
71,GTS,,0.13,0.13,2006
71,CML,,0.21,0.21,2006
71,CHK,LAY,0.39,0.39,2006
71,CHK,BRL,0.36,0.36,2006
72,CTL,DRY,0.13,0.13,2006
72,CTL,,0.1,0.1,2006
72,BFL,,0.1,0.1,2006
72,PGS,,0.29,0.29,2006
72,SHP,,0.13,0.13,2006
72,GTS,,0.13,0.13,2006
72,CML,,0.21,0.21,2006
72,CHK,LAY,0.39,0.39,2006
72,CHK,BRL,0.36,0.36,2006
73,CTL,DRY,0.13,0.13,2006
73,CTL,,0.1,0.1,2006
73,BFL,,0.1,0.1,2006
73,PGS,,0.29,0.29,2006
73,SHP,,0.13,0.13,2006
73,GTS,,0.13,0.13,2006
73,CML,,0.21,0.21,2006
73,CHK,LAY,0.39,0.39,2006
73,CHK,BRL,0.36,0.36,2006
75,CTL,DRY,0.13,0.13,2006
75,CTL,,0.1,0.1,2006
75,BFL,,0.1,0.1,2006
75,PGS,,0.29,0.29,2006
75,SHP,,0.13,0.13,2006
75,GTS,,0.13,0.13,2006
75,CML,,0.21,0.21,2006
75,CHK,LAY,0.39,0.39,2006
75,CHK,BRL,0.36,0.36,2006
81,CTL,DRY,0.13,0.13,2006
81,CTL,,0.1,0.1,2006
81,BFL,,0.1,0.1,2006
81,PGS,,0.29,0.29,2006
81,SHP,,0.13,0.13,2006
81,GTS,,0.13,0.13,2006
81,CML,,0.21,0.21,2006
81,CHK,LAY,0.39,0.39,2006
81,CHK,BRL,0.36,0.36,2006
86,CTL,DRY,0.13,0.13,2006
86,CTL,,0.1,0.1,2006
86,BFL,,0.1,0.1,2006
86,PGS,,0.29,0.29,2006
86,SHP,,0.13,0.13,2006
86,GTS,,0.13,0.13,2006
86,CML,,0.21,0.21,2006
86,CHK,LAY,0.39,0.39,2006
86,CHK,BRL,0.36,0.36,2006
99,CTL,DRY,0.13,0.13,2006
99,CTL,,0.1,0.1,2006
99,BFL,,0.1,0.1,2006
99,PGS,,0.29,0.29,2006
99,SHP,,0.13,0.13,2006
99,GTS,,0.13,0.13,2006
99,CML,,0.21,0.21,2006
99,CHK,LAY,0.39,0.39,2006
99,CHK,BRL,0.36,0.36,2006
100,CTL,DRY,0.13,0.13,2006
100,CTL,,0.1,0.1,2006
100,BFL,,0.1,0.1,2006
100,PGS,,0.29,0.29,2006
100,SHP,,0.13,0.13,2006
100,GTS,,0.13,0.13,2006
100,CML,,0.21,0.21,2006
100,CHK,LAY,0.39,0.39,2006
100,CHK,BRL,0.36,0.36,2006
103,CTL,DRY,0.13,0.13,2006
103,CTL,,0.1,0.1,2006
103,BFL,,0.1,0.1,2006
103,PGS,,0.29,0.29,2006
103,SHP,,0.13,0.13,2006
103,GTS,,0.13,0.13,2006
103,CML,,0.21,0.21,2006
103,CHK,LAY,0.39,0.39,2006
103,CHK,BRL,0.36,0.36,2006
107,CTL,DRY,0.13,0.13,2006
107,CTL,,0.1,0.1,2006
107,BFL,,0.1,0.1,2006
107,PGS,,0.29,0.29,2006
107,SHP,,0.13,0.13,2006
107,GTS,,0.13,0.13,2006
107,CML,,0.21,0.21,2006
107,CHK,LAY,0.39,0.39,2006
107,CHK,BRL,0.36,0.36,2006
108,CTL,DRY,0.13,0.13,2006
108,CTL,,0.1,0.1,2006
108,BFL,,0.1,0.1,2006
108,PGS,,0.29,0.29,2006
108,SHP,,0.13,0.13,2006
108,GTS,,0.13,0.13,2006
108,CML,,0.21,0.21,2006
108,CHK,LAY,0.39,0.39,2006
108,CHK,BRL,0.36,0.36,2006
111,CTL,DRY,0.13,0.13,2006
111,CTL,,0.1,0.1,2006
111,BFL,,0.1,0.1,2006
111,PGS,,0.29,0.29,2006
111,SHP,,0.13,0.13,2006
111,GTS,,0.13,0.13,2006
111,CML,,0.21,0.21,2006
111,CHK,LAY,0.39,0.39,2006
111,CHK,BRL,0.36,0.36,2006
123,CTL,DRY,0.13,0.13,2006
123,CTL,,0.1,0.1,2006
123,BFL,,0.1,0.1,2006
123,PGS,,0.29,0.29,2006
123,SHP,,0.13,0.13,2006
123,GTS,,0.13,0.13,2006
123,CML,,0.21,0.21,2006
123,CHK,LAY,0.39,0.39,2006
123,CHK,BRL,0.36,0.36,2006
158,CTL,DRY,0.13,0.13,2006
158,CTL,,0.1,0.1,2006
158,BFL,,0.1,0.1,2006
158,PGS,,0.29,0.29,2006
158,SHP,,0.13,0.13,2006
158,GTS,,0.13,0.13,2006
158,CML,,0.21,0.21,2006
158,CHK,LAY,0.39,0.39,2006
158,CHK,BRL,0.36,0.36,2006
162,CTL,DRY,0.13,0.13,2006
162,CTL,,0.1,0.1,2006
162,BFL,,0.1,0.1,2006
162,PGS,,0.29,0.29,2006
162,SHP,,0.13,0.13,2006
162,GTS,,0.13,0.13,2006
162,CML,,0.21,0.21,2006
162,CHK,LAY,0.39,0.39,2006
162,CHK,BRL,0.36,0.36,2006
168,CTL,DRY,0.13,0.13,2006
168,CTL,,0.1,0.1,2006
168,BFL,,0.1,0.1,2006
168,PGS,,0.29,0.29,2006
168,SHP,,0.13,0.13,2006
168,GTS,,0.13,0.13,2006
168,CML,,0.21,0.21,2006
168,CHK,LAY,0.39,0.39,2006
168,CHK,BRL,0.36,0.36,2006
176,CTL,DRY,0.13,0.13,2006
176,CTL,,0.1,0.1,2006
176,BFL,,0.1,0.1,2006
176,PGS,,0.29,0.29,2006
176,SHP,,0.13,0.13,2006
176,GTS,,0.13,0.13,2006
176,CML,,0.21,0.21,2006
176,CHK,LAY,0.39,0.39,2006
176,CHK,BRL,0.36,0.36,2006
180,CTL,DRY,0.13,0.13,2006
180,CTL,,0.1,0.1,2006
180,BFL,,0.1,0.1,2006
180,PGS,,0.29,0.29,2006
180,SHP,,0.13,0.13,2006
180,GTS,,0.13,0.13,2006
180,CML,,0.21,0.21,2006
180,CHK,LAY,0.39,0.39,2006
180,CHK,BRL,0.36,0.36,2006
191,CTL,DRY,0.13,0.13,2006
191,CTL,,0.1,0.1,2006
191,BFL,,0.1,0.1,2006
191,PGS,,0.29,0.29,2006
191,SHP,,0.13,0.13,2006
191,GTS,,0.13,0.13,2006
191,CML,,0.21,0.21,2006
191,CHK,LAY,0.39,0.39,2006
191,CHK,BRL,0.36,0.36,2006
194,CTL,DRY,0.13,0.13,2006
194,CTL,,0.1,0.1,2006
194,BFL,,0.1,0.1,2006
194,PGS,,0.29,0.29,2006
194,SHP,,0.13,0.13,2006
194,GTS,,0.13,0.13,2006
194,CML,,0.21,0.21,2006
194,CHK,LAY,0.39,0.39,2006
194,CHK,BRL,0.36,0.36,2006
195,CTL,DRY,0.13,0.13,2006
195,CTL,,0.1,0.1,2006
195,BFL,,0.1,0.1,2006
195,PGS,,0.29,0.29,2006
195,SHP,,0.13,0.13,2006
195,GTS,,0.13,0.13,2006
195,CML,,0.21,0.21,2006
195,CHK,LAY,0.39,0.39,2006
195,CHK,BRL,0.36,0.36,2006
200,CTL,DRY,0.13,0.13,2006
200,CTL,,0.1,0.1,2006
200,BFL,,0.1,0.1,2006
200,PGS,,0.29,0.29,2006
200,SHP,,0.13,0.13,2006
200,GTS,,0.13,0.13,2006
200,CML,,0.21,0.21,2006
200,CHK,LAY,0.39,0.39,2006
200,CHK,BRL,0.36,0.36,2006
208,CTL,DRY,0.13,0.13,2006
208,CTL,,0.1,0.1,2006
208,BFL,,0.1,0.1,2006
208,PGS,,0.29,0.29,2006
208,SHP,,0.13,0.13,2006
208,GTS,,0.13,0.13,2006
208,CML,,0.21,0.21,2006
208,CHK,LAY,0.39,0.39,2006
208,CHK,BRL,0.36,0.36,2006
209,CTL,DRY,0.13,0.13,2006
209,CTL,,0.1,0.1,2006
209,BFL,,0.1,0.1,2006
209,PGS,,0.29,0.29,2006
209,SHP,,0.13,0.13,2006
209,GTS,,0.13,0.13,2006
209,CML,,0.21,0.21,2006
209,CHK,LAY,0.39,0.39,2006
209,CHK,BRL,0.36,0.36,2006
211,CTL,DRY,0.13,0.13,2006
211,CTL,,0.1,0.1,2006
211,BFL,,0.1,0.1,2006
211,PGS,,0.29,0.29,2006
211,SHP,,0.13,0.13,2006
211,GTS,,0.13,0.13,2006
211,CML,,0.21,0.21,2006
211,CHK,LAY,0.39,0.39,2006
211,CHK,BRL,0.36,0.36,2006
233,CTL,DRY,0.13,0.13,2006
233,CTL,,0.1,0.1,2006
233,BFL,,0.1,0.1,2006
233,PGS,,0.29,0.29,2006
233,SHP,,0.13,0.13,2006
233,GTS,,0.13,0.13,2006
233,CML,,0.21,0.21,2006
233,CHK,LAY,0.39,0.39,2006
233,CHK,BRL,0.36,0.36,2006
246,CTL,DRY,0.13,0.13,2006
246,CTL,,0.1,0.1,2006
246,BFL,,0.1,0.1,2006
246,PGS,,0.29,0.29,2006
246,SHP,,0.13,0.13,2006
246,GTS,,0.13,0.13,2006
246,CML,,0.21,0.21,2006
246,CHK,LAY,0.39,0.39,2006
246,CHK,BRL,0.36,0.36,2006
251,CTL,DRY,0.13,0.13,2006
251,CTL,,0.1,0.1,2006
251,BFL,,0.1,0.1,2006
251,PGS,,0.29,0.29,2006
251,SHP,,0.13,0.13,2006
251,GTS,,0.13,0.13,2006
251,CML,,0.21,0.21,2006
251,CHK,LAY,0.39,0.39,2006
251,CHK,BRL,0.36,0.36,2006
258,CTL,DRY,0.13,0.13,2006
258,CTL,,0.1,0.1,2006
258,BFL,,0.1,0.1,2006
258,PGS,,0.29,0.29,2006
258,SHP,,0.13,0.13,2006
258,GTS,,0.13,0.13,2006
258,CML,,0.21,0.21,2006
258,CHK,LAY,0.39,0.39,2006
258,CHK,BRL,0.36,0.36,2006
260,CTL,DRY,0.13,0.13,2006
260,CTL,,0.1,0.1,2006
260,BFL,,0.1,0.1,2006
260,PGS,,0.29,0.29,2006
260,SHP,,0.13,0.13,2006
260,GTS,,0.13,0.13,2006
260,CML,,0.21,0.21,2006
260,CHK,LAY,0.39,0.39,2006
260,CHK,BRL,0.36,0.36,2006
263,CTL,DRY,0.13,0.13,2006
263,CTL,,0.1,0.1,2006
263,BFL,,0.1,0.1,2006
263,PGS,,0.29,0.29,2006
263,SHP,,0.13,0.13,2006
263,GTS,,0.13,0.13,2006
263,CML,,0.21,0.21,2006
263,CHK,LAY,0.39,0.39,2006
263,CHK,BRL,0.36,0.36,2006
30,CTL,DRY,0.24,0.24,2006
30,CTL,,0.19,0.19,2006
30,BFL,,0.1,0.1,2006
30,PGS,,0.48,0.48,2006
30,SHP,,0.19,0.19,2006
30,GTS,,0.18,0.18,2006
30,CML,,0.26,0.26,2006
30,CHK,LAY,0.39,0.39,2006
30,CHK,BRL,0.36,0.36,2006
46,CTL,DRY,0.24,0.24,2006
46,CTL,,0.19,0.19,2006
46,BFL,,0.1,0.1,2006
46,PGS,,0.48,0.48,2006
46,SHP,,0.19,0.19,2006
46,GTS,,0.18,0.18,2006
46,CML,,0.26,0.26,2006
46,CHK,LAY,0.39,0.39,2006
46,CHK,BRL,0.36,0.36,2006
98,CTL,DRY,0.24,0.24,2006
98,CTL,,0.19,0.19,2006
98,BFL,,0.1,0.1,2006
98,PGS,,0.48,0.48,2006
98,SHP,,0.19,0.19,2006
98,GTS,,0.18,0.18,2006
98,CML,,0.26,0.26,2006
98,CHK,LAY,0.39,0.39,2006
98,CHK,BRL,0.36,0.36,2006
134,CTL,DRY,0.24,0.24,2006
134,CTL,,0.19,0.19,2006
134,BFL,,0.1,0.1,2006
134,PGS,,0.48,0.48,2006
134,SHP,,0.19,0.19,2006
134,GTS,,0.18,0.18,2006
134,CML,,0.26,0.26,2006
134,CHK,LAY,0.39,0.39,2006
134,CHK,BRL,0.36,0.36,2006
164,CTL,DRY,0.24,0.24,2006
164,CTL,,0.19,0.19,2006
164,BFL,,0.1,0.1,2006
164,PGS,,0.48,0.48,2006
164,SHP,,0.19,0.19,2006
164,GTS,,0.18,0.18,2006
164,CML,,0.26,0.26,2006
164,CHK,LAY,0.39,0.39,2006
164,CHK,BRL,0.36,0.36,2006
210,CTL,DRY,0.24,0.24,2006
210,CTL,,0.19,0.19,2006
210,BFL,,0.1,0.1,2006
210,PGS,,0.48,0.48,2006
210,SHP,,0.19,0.19,2006
210,GTS,,0.18,0.18,2006
210,CML,,0.26,0.26,2006
210,CHK,LAY,0.39,0.39,2006
210,CHK,BRL,0.36,0.36,2006
259,CTL,DRY,0.24,0.24,2006
259,CTL,,0.19,0.19,2006
259,BFL,,0.1,0.1,2006
259,PGS,,0.48,0.48,2006
259,SHP,,0.19,0.19,2006
259,GTS,,0.18,0.18,2006
259,CML,,0.26,0.26,2006
259,CHK,LAY,0.39,0.39,2006
259,CHK,BRL,0.36,0.36,2006
5,CTL,DRY,0.24,0.24,2006
5,CTL,,0.17,0.17,2006
5,BFL,,0.1,0.1,2006
5,PGS,,0.45,0.45,2006
5,SHP,,0.19,0.19,2006
5,GTS,,0.18,0.18,2006
5,CML,,0.26,0.26,2006
5,CHK,LAY,0.39,0.39,2006
5,CHK,BRL,0.36,0.36,2006
17,CTL,DRY,0.24,0.24,2006
17,CTL,,0.17,0.17,2006
17,BFL,,0.1,0.1,2006
17,PGS,,0.45,0.45,2006
17,SHP,,0.19,0.19,2006
17,GTS,,0.18,0.18,2006
17,CML,,0.26,0.26,2006
17,CHK,LAY,0.39,0.39,2006
17,CHK,BRL,0.36,0.36,2006
60,CTL,DRY,0.24,0.24,2006
60,CTL,,0.17,0.17,2006
60,BFL,,0.1,0.1,2006
60,PGS,,0.45,0.45,2006
60,SHP,,0.19,0.19,2006
60,GTS,,0.18,0.18,2006
60,CML,,0.26,0.26,2006
60,CHK,LAY,0.39,0.39,2006
60,CHK,BRL,0.36,0.36,2006
83,CTL,DRY,0.24,0.24,2006
83,CTL,,0.17,0.17,2006
83,BFL,,0.1,0.1,2006
83,PGS,,0.45,0.45,2006
83,SHP,,0.19,0.19,2006
83,GTS,,0.18,0.18,2006
83,CML,,0.26,0.26,2006
83,CHK,LAY,0.39,0.39,2006
83,CHK,BRL,0.36,0.36,2006
87,CTL,DRY,0.24,0.24,2006
87,CTL,,0.17,0.17,2006
87,BFL,,0.1,0.1,2006
87,PGS,,0.45,0.45,2006
87,SHP,,0.19,0.19,2006
87,GTS,,0.18,0.18,2006
87,CML,,0.26,0.26,2006
87,CHK,LAY,0.39,0.39,2006
87,CHK,BRL,0.36,0.36,2006
101,CTL,DRY,0.24,0.24,2006
101,CTL,,0.17,0.17,2006
101,BFL,,0.1,0.1,2006
101,PGS,,0.45,0.45,2006
101,SHP,,0.19,0.19,2006
101,GTS,,0.18,0.18,2006
101,CML,,0.26,0.26,2006
101,CHK,LAY,0.39,0.39,2006
101,CHK,BRL,0.36,0.36,2006
135,CTL,DRY,0.24,0.24,2006
135,CTL,,0.17,0.17,2006
135,BFL,,0.1,0.1,2006
135,PGS,,0.45,0.45,2006
135,SHP,,0.19,0.19,2006
135,GTS,,0.18,0.18,2006
135,CML,,0.26,0.26,2006
135,CHK,LAY,0.39,0.39,2006
135,CHK,BRL,0.36,0.36,2006
157,CTL,DRY,0.24,0.24,2006
157,CTL,,0.17,0.17,2006
157,BFL,,0.1,0.1,2006
157,PGS,,0.45,0.45,2006
157,SHP,,0.19,0.19,2006
157,GTS,,0.18,0.18,2006
157,CML,,0.26,0.26,2006
157,CHK,LAY,0.39,0.39,2006
157,CHK,BRL,0.36,0.36,2006
163,CTL,DRY,0.24,0.24,2006
163,CTL,,0.17,0.17,2006
163,BFL,,0.1,0.1,2006
163,PGS,,0.45,0.45,2006
163,SHP,,0.19,0.19,2006
163,GTS,,0.18,0.18,2006
163,CML,,0.26,0.26,2006
163,CHK,LAY,0.39,0.39,2006
163,CHK,BRL,0.36,0.36,2006
178,CTL,DRY,0.24,0.24,2006
178,CTL,,0.17,0.17,2006
178,BFL,,0.1,0.1,2006
178,PGS,,0.45,0.45,2006
178,SHP,,0.19,0.19,2006
178,GTS,,0.18,0.18,2006
178,CML,,0.26,0.26,2006
178,CHK,LAY,0.39,0.39,2006
178,CHK,BRL,0.36,0.36,2006
179,CTL,DRY,0.24,0.24,2006
179,CTL,,0.17,0.17,2006
179,BFL,,0.1,0.1,2006
179,PGS,,0.45,0.45,2006
179,SHP,,0.19,0.19,2006
179,GTS,,0.18,0.18,2006
179,CML,,0.26,0.26,2006
179,CHK,LAY,0.39,0.39,2006
179,CHK,BRL,0.36,0.36,2006
183,CTL,DRY,0.24,0.24,2006
183,CTL,,0.17,0.17,2006
183,BFL,,0.1,0.1,2006
183,PGS,,0.45,0.45,2006
183,SHP,,0.19,0.19,2006
183,GTS,,0.18,0.18,2006
183,CML,,0.26,0.26,2006
183,CHK,LAY,0.39,0.39,2006
183,CHK,BRL,0.36,0.36,2006
184,CTL,DRY,0.24,0.24,2006
184,CTL,,0.17,0.17,2006
184,BFL,,0.1,0.1,2006
184,PGS,,0.45,0.45,2006
184,SHP,,0.19,0.19,2006
184,GTS,,0.18,0.18,2006
184,CML,,0.26,0.26,2006
184,CHK,LAY,0.39,0.39,2006
184,CHK,BRL,0.36,0.36,2006
185,CTL,DRY,0.24,0.24,2006
185,CTL,,0.17,0.17,2006
185,BFL,,0.1,0.1,2006
185,PGS,,0.45,0.45,2006
185,SHP,,0.19,0.19,2006
185,GTS,,0.18,0.18,2006
185,CML,,0.26,0.26,2006
185,CHK,LAY,0.39,0.39,2006
185,CHK,BRL,0.36,0.36,2006
189,CTL,DRY,0.24,0.24,2006
189,CTL,,0.17,0.17,2006
189,BFL,,0.1,0.1,2006
189,PGS,,0.45,0.45,2006
189,SHP,,0.19,0.19,2006
189,GTS,,0.18,0.18,2006
189,CML,,0.26,0.26,2006
189,CHK,LAY,0.39,0.39,2006
189,CHK,BRL,0.36,0.36,2006
192,CTL,DRY,0.24,0.24,2006
192,CTL,,0.17,0.17,2006
192,BFL,,0.1,0.1,2006
192,PGS,,0.45,0.45,2006
192,SHP,,0.19,0.19,2006
192,GTS,,0.18,0.18,2006
192,CML,,0.26,0.26,2006
192,CHK,LAY,0.39,0.39,2006
192,CHK,BRL,0.36,0.36,2006
212,CTL,DRY,0.24,0.24,2006
212,CTL,,0.17,0.17,2006
212,BFL,,0.1,0.1,2006
212,PGS,,0.45,0.45,2006
212,SHP,,0.19,0.19,2006
212,GTS,,0.18,0.18,2006
212,CML,,0.26,0.26,2006
212,CHK,LAY,0.39,0.39,2006
212,CHK,BRL,0.36,0.36,2006
225,CTL,DRY,0.24,0.24,2006
225,CTL,,0.17,0.17,2006
225,BFL,,0.1,0.1,2006
225,PGS,,0.45,0.45,2006
225,SHP,,0.19,0.19,2006
225,GTS,,0.18,0.18,2006
225,CML,,0.26,0.26,2006
225,CHK,LAY,0.39,0.39,2006
225,CHK,BRL,0.36,0.36,2006
245,CTL,DRY,0.24,0.24,2006
245,CTL,,0.17,0.17,2006
245,BFL,,0.1,0.1,2006
245,PGS,,0.45,0.45,2006
245,SHP,,0.19,0.19,2006
245,GTS,,0.18,0.18,2006
245,CML,,0.26,0.26,2006
245,CHK,LAY,0.39,0.39,2006
245,CHK,BRL,0.36,0.36,2006
262,CTL,DRY,0.24,0.24,2006
262,CTL,,0.17,0.17,2006
262,BFL,,0.1,0.1,2006
262,PGS,,0.45,0.45,2006
262,SHP,,0.19,0.19,2006
262,GTS,,0.18,0.18,2006
262,CML,,0.26,0.26,2006
262,CHK,LAY,0.39,0.39,2006
262,CHK,BRL,0.36,0.36,2006
266,CTL,DRY,0.24,0.24,2006
266,CTL,,0.17,0.17,2006
266,BFL,,0.1,0.1,2006
266,PGS,,0.45,0.45,2006
266,SHP,,0.19,0.19,2006
266,GTS,,0.18,0.18,2006
266,CML,,0.26,0.26,2006
266,CHK,LAY,0.39,0.39,2006
266,CHK,BRL,0.36,0.36,2006
3,CTL,DRY,0.24,0.24,2006
3,CTL,,0.18,0.18,2006
3,BFL,,0.1,0.1,2006
3,PGS,,0.45,0.45,2006
3,SHP,,0.19,0.19,2006
3,GTS,,0.18,0.18,2006
3,CML,,0.26,0.26,2006
3,CHK,LAY,0.39,0.39,2006
3,CHK,BRL,0.36,0.36,2006
7,CTL,DRY,0.24,0.24,2006
7,CTL,,0.18,0.18,2006
7,BFL,,0.1,0.1,2006
7,PGS,,0.45,0.45,2006
7,SHP,,0.19,0.19,2006
7,GTS,,0.18,0.18,2006
7,CML,,0.26,0.26,2006
7,CHK,LAY,0.39,0.39,2006
7,CHK,BRL,0.36,0.36,2006
18,CTL,DRY,0.24,0.24,2006
18,CTL,,0.18,0.18,2006
18,BFL,,0.1,0.1,2006
18,PGS,,0.45,0.45,2006
18,SHP,,0.19,0.19,2006
18,GTS,,0.18,0.18,2006
18,CML,,0.26,0.26,2006
18,CHK,LAY,0.39,0.39,2006
18,CHK,BRL,0.36,0.36,2006
74578,CTL,DRY,0.24,0.24,2006
74578,CTL,,0.18,0.18,2006
74578,BFL,,0.1,0.1,2006
74578,PGS,,0.45,0.45,2006
74578,SHP,,0.19,0.19,2006
74578,GTS,,0.18,0.18,2006
74578,CML,,0.26,0.26,2006
74578,CHK,LAY,0.39,0.39,2006
74578,CHK,BRL,0.36,0.36,2006
27,CTL,DRY,0.24,0.24,2006
27,CTL,,0.18,0.18,2006
27,BFL,,0.1,0.1,2006
27,PGS,,0.45,0.45,2006
27,SHP,,0.19,0.19,2006
27,GTS,,0.18,0.18,2006
27,CML,,0.26,0.26,2006
27,CHK,LAY,0.39,0.39,2006
27,CHK,BRL,0.36,0.36,2006
34,CTL,DRY,0.24,0.24,2006
34,CTL,,0.18,0.18,2006
34,BFL,,0.1,0.1,2006
34,PGS,,0.45,0.45,2006
34,SHP,,0.19,0.19,2006
34,GTS,,0.18,0.18,2006
34,CML,,0.26,0.26,2006
34,CHK,LAY,0.39,0.39,2006
34,CHK,BRL,0.36,0.36,2006
62,CTL,DRY,0.24,0.24,2006
62,CTL,,0.18,0.18,2006
62,BFL,,0.1,0.1,2006
62,PGS,,0.45,0.45,2006
62,SHP,,0.19,0.19,2006
62,GTS,,0.18,0.18,2006
62,CML,,0.26,0.26,2006
62,CHK,LAY,0.39,0.39,2006
62,CHK,BRL,0.36,0.36,2006
69,CTL,DRY,0.24,0.24,2006
69,CTL,,0.18,0.18,2006
69,BFL,,0.1,0.1,2006
69,PGS,,0.45,0.45,2006
69,SHP,,0.19,0.19,2006
69,GTS,,0.18,0.18,2006
69,CML,,0.26,0.26,2006
69,CHK,LAY,0.39,0.39,2006
69,CHK,BRL,0.36,0.36,2006
78,CTL,DRY,0.24,0.24,2006
78,CTL,,0.18,0.18,2006
78,BFL,,0.1,0.1,2006
78,PGS,,0.45,0.45,2006
78,SHP,,0.19,0.19,2006
78,GTS,,0.18,0.18,2006
78,CML,,0.26,0.26,2006
78,CHK,LAY,0.39,0.39,2006
78,CHK,BRL,0.36,0.36,2006
82,CTL,DRY,0.24,0.24,2006
82,CTL,,0.18,0.18,2006
82,BFL,,0.1,0.1,2006
82,PGS,,0.45,0.45,2006
82,SHP,,0.19,0.19,2006
82,GTS,,0.18,0.18,2006
82,CML,,0.26,0.26,2006
82,CHK,LAY,0.39,0.39,2006
82,CHK,BRL,0.36,0.36,2006
84,CTL,DRY,0.24,0.24,2006
84,CTL,,0.18,0.18,2006
84,BFL,,0.1,0.1,2006
84,PGS,,0.45,0.45,2006
84,SHP,,0.19,0.19,2006
84,GTS,,0.18,0.18,2006
84,CML,,0.26,0.26,2006
84,CHK,LAY,0.39,0.39,2006
84,CHK,BRL,0.36,0.36,2006
85,CTL,DRY,0.24,0.24,2006
85,CTL,,0.18,0.18,2006
85,BFL,,0.1,0.1,2006
85,PGS,,0.45,0.45,2006
85,SHP,,0.19,0.19,2006
85,GTS,,0.18,0.18,2006
85,CML,,0.26,0.26,2006
85,CHK,LAY,0.39,0.39,2006
85,CHK,BRL,0.36,0.36,2006
93,CTL,DRY,0.24,0.24,2006
93,CTL,,0.18,0.18,2006
93,BFL,,0.1,0.1,2006
93,PGS,,0.45,0.45,2006
93,SHP,,0.19,0.19,2006
93,GTS,,0.18,0.18,2006
93,CML,,0.26,0.26,2006
93,CHK,LAY,0.39,0.39,2006
93,CHK,BRL,0.36,0.36,2006
97,CTL,DRY,0.24,0.24,2006
97,CTL,,0.18,0.18,2006
97,BFL,,0.1,0.1,2006
97,PGS,,0.45,0.45,2006
97,SHP,,0.19,0.19,2006
97,GTS,,0.18,0.18,2006
97,CML,,0.26,0.26,2006
97,CHK,LAY,0.39,0.39,2006
97,CHK,BRL,0.36,0.36,2006
104,CTL,DRY,0.24,0.24,2006
104,CTL,,0.18,0.18,2006
104,BFL,,0.1,0.1,2006
104,PGS,,0.45,0.45,2006
104,SHP,,0.19,0.19,2006
104,GTS,,0.18,0.18,2006
104,CML,,0.26,0.26,2006
104,CHK,LAY,0.39,0.39,2006
104,CHK,BRL,0.36,0.36,2006
114,CTL,DRY,0.24,0.24,2006
114,CTL,,0.18,0.18,2006
114,BFL,,0.1,0.1,2006
114,PGS,,0.45,0.45,2006
114,SHP,,0.19,0.19,2006
114,GTS,,0.18,0.18,2006
114,CML,,0.26,0.26,2006
114,CHK,LAY,0.39,0.39,2006
114,CHK,BRL,0.36,0.36,2006
119,CTL,DRY,0.24,0.24,2006
119,CTL,,0.18,0.18,2006
119,BFL,,0.1,0.1,2006
119,PGS,,0.45,0.45,2006
119,SHP,,0.19,0.19,2006
119,GTS,,0.18,0.18,2006
119,CML,,0.26,0.26,2006
119,CHK,LAY,0.39,0.39,2006
119,CHK,BRL,0.36,0.36,2006
120,CTL,DRY,0.24,0.24,2006
120,CTL,,0.18,0.18,2006
120,BFL,,0.1,0.1,2006
120,PGS,,0.45,0.45,2006
120,SHP,,0.19,0.19,2006
120,GTS,,0.18,0.18,2006
120,CML,,0.26,0.26,2006
120,CHK,LAY,0.39,0.39,2006
120,CHK,BRL,0.36,0.36,2006
122,CTL,DRY,0.24,0.24,2006
122,CTL,,0.18,0.18,2006
122,BFL,,0.1,0.1,2006
122,PGS,,0.45,0.45,2006
122,SHP,,0.19,0.19,2006
122,GTS,,0.18,0.18,2006
122,CML,,0.26,0.26,2006
122,CHK,LAY,0.39,0.39,2006
122,CHK,BRL,0.36,0.36,2006
128,CTL,DRY,0.24,0.24,2006
128,CTL,,0.18,0.18,2006
128,BFL,,0.1,0.1,2006
128,PGS,,0.45,0.45,2006
128,SHP,,0.19,0.19,2006
128,GTS,,0.18,0.18,2006
128,CML,,0.26,0.26,2006
128,CHK,LAY,0.39,0.39,2006
128,CHK,BRL,0.36,0.36,2006
140,CTL,DRY,0.24,0.24,2006
140,CTL,,0.18,0.18,2006
140,BFL,,0.1,0.1,2006
140,PGS,,0.45,0.45,2006
140,SHP,,0.19,0.19,2006
140,GTS,,0.18,0.18,2006
140,CML,,0.26,0.26,2006
140,CHK,LAY,0.39,0.39,2006
140,CHK,BRL,0.36,0.36,2006
146,CTL,DRY,0.24,0.24,2006
146,CTL,,0.18,0.18,2006
146,BFL,,0.1,0.1,2006
146,PGS,,0.45,0.45,2006
146,SHP,,0.19,0.19,2006
146,GTS,,0.18,0.18,2006
146,CML,,0.26,0.26,2006
146,CHK,LAY,0.39,0.39,2006
146,CHK,BRL,0.36,0.36,2006
147,CTL,DRY,0.24,0.24,2006
147,CTL,,0.18,0.18,2006
147,BFL,,0.1,0.1,2006
147,PGS,,0.45,0.45,2006
147,SHP,,0.19,0.19,2006
147,GTS,,0.18,0.18,2006
147,CML,,0.26,0.26,2006
147,CHK,LAY,0.39,0.39,2006
147,CHK,BRL,0.36,0.36,2006
148,CTL,DRY,0.24,0.24,2006
148,CTL,,0.18,0.18,2006
148,BFL,,0.1,0.1,2006
148,PGS,,0.45,0.45,2006
148,SHP,,0.19,0.19,2006
148,GTS,,0.18,0.18,2006
148,CML,,0.26,0.26,2006
148,CHK,LAY,0.39,0.39,2006
148,CHK,BRL,0.36,0.36,2006
151,CTL,DRY,0.24,0.24,2006
151,CTL,,0.18,0.18,2006
151,BFL,,0.1,0.1,2006
151,PGS,,0.45,0.45,2006
151,SHP,,0.19,0.19,2006
151,GTS,,0.18,0.18,2006
151,CML,,0.26,0.26,2006
151,CHK,LAY,0.39,0.39,2006
151,CHK,BRL,0.36,0.36,2006
156,CTL,DRY,0.24,0.24,2006
156,CTL,,0.18,0.18,2006
156,BFL,,0.1,0.1,2006
156,PGS,,0.45,0.45,2006
156,SHP,,0.19,0.19,2006
156,GTS,,0.18,0.18,2006
156,CML,,0.26,0.26,2006
156,CHK,LAY,0.39,0.39,2006
156,CHK,BRL,0.36,0.36,2006
2647,CTL,DRY,0.24,0.24,2006
2647,CTL,,0.18,0.18,2006
2647,BFL,,0.1,0.1,2006
2647,PGS,,0.45,0.45,2006
2647,SHP,,0.19,0.19,2006
2647,GTS,,0.18,0.18,2006
2647,CML,,0.26,0.26,2006
2647,CHK,LAY,0.39,0.39,2006
2647,CHK,BRL,0.36,0.36,2006
177,CTL,DRY,0.24,0.24,2006
177,CTL,,0.18,0.18,2006
177,BFL,,0.1,0.1,2006
177,PGS,,0.45,0.45,2006
177,SHP,,0.19,0.19,2006
177,GTS,,0.18,0.18,2006
177,CML,,0.26,0.26,2006
177,CHK,LAY,0.39,0.39,2006
177,CHK,BRL,0.36,0.36,2006
241,CTL,DRY,0.24,0.24,2006
241,CTL,,0.18,0.18,2006
241,BFL,,0.1,0.1,2006
241,PGS,,0.45,0.45,2006
241,SHP,,0.19,0.19,2006
241,GTS,,0.18,0.18,2006
241,CML,,0.26,0.26,2006
241,CHK,LAY,0.39,0.39,2006
241,CHK,BRL,0.36,0.36,2006
186,CTL,DRY,0.24,0.24,2006
186,CTL,,0.18,0.18,2006
186,BFL,,0.1,0.1,2006
186,PGS,,0.45,0.45,2006
186,SHP,,0.19,0.19,2006
186,GTS,,0.18,0.18,2006
186,CML,,0.26,0.26,2006
186,CHK,LAY,0.39,0.39,2006
186,CHK,BRL,0.36,0.36,2006
199,CTL,DRY,0.24,0.24,2006
199,CTL,,0.18,0.18,2006
199,BFL,,0.1,0.1,2006
199,PGS,,0.45,0.45,2006
199,SHP,,0.19,0.19,2006
199,GTS,,0.18,0.18,2006
199,CML,,0.26,0.26,2006
199,CHK,LAY,0.39,0.39,2006
199,CHK,BRL,0.36,0.36,2006
213,CTL,DRY,0.24,0.24,2006
213,CTL,,0.18,0.18,2006
213,BFL,,0.1,0.1,2006
213,PGS,,0.45,0.45,2006
213,SHP,,0.19,0.19,2006
213,GTS,,0.18,0.18,2006
213,CML,,0.26,0.26,2006
213,CHK,LAY,0.39,0.39,2006
213,CHK,BRL,0.36,0.36,2006
2648,CTL,DRY,0.24,0.24,2006
2648,CTL,,0.18,0.18,2006
2648,BFL,,0.1,0.1,2006
2648,PGS,,0.45,0.45,2006
2648,SHP,,0.19,0.19,2006
2648,GTS,,0.18,0.18,2006
2648,CML,,0.26,0.26,2006
2648,CHK,LAY,0.39,0.39,2006
2648,CHK,BRL,0.36,0.36,2006
224,CTL,DRY,0.24,0.24,2006
224,CTL,,0.18,0.18,2006
224,BFL,,0.1,0.1,2006
224,PGS,,0.45,0.45,2006
224,SHP,,0.19,0.19,2006
224,GTS,,0.18,0.18,2006
224,CML,,0.26,0.26,2006
224,CHK,LAY,0.39,0.39,2006
224,CHK,BRL,0.36,0.36,2006
229,CTL,DRY,0.24,0.24,2006
229,CTL,,0.18,0.18,2006
229,BFL,,0.1,0.1,2006
229,PGS,,0.45,0.45,2006
229,SHP,,0.19,0.19,2006
229,GTS,,0.18,0.18,2006
229,CML,,0.26,0.26,2006
229,CHK,LAY,0.39,0.39,2006
229,CHK,BRL,0.36,0.36,2006
234,CTL,DRY,0.24,0.24,2006
234,CTL,,0.18,0.18,2006
234,BFL,,0.1,0.1,2006
234,PGS,,0.45,0.45,2006
234,SHP,,0.19,0.19,2006
234,GTS,,0.18,0.18,2006
234,CML,,0.26,0.26,2006
234,CHK,LAY,0.39,0.39,2006
234,CHK,BRL,0.36,0.36,2006
236,CTL,DRY,0.24,0.24,2006
236,CTL,,0.18,0.18,2006
236,BFL,,0.1,0.1,2006
236,PGS,,0.45,0.45,2006
236,SHP,,0.19,0.19,2006
236,GTS,,0.18,0.18,2006
236,CML,,0.26,0.26,2006
236,CHK,LAY,0.39,0.39,2006
236,CHK,BRL,0.36,0.36,2006
237,CTL,DRY,0.24,0.24,2006
237,CTL,,0.18,0.18,2006
237,BFL,,0.1,0.1,2006
237,PGS,,0.45,0.45,2006
237,SHP,,0.19,0.19,2006
237,GTS,,0.18,0.18,2006
237,CML,,0.26,0.26,2006
237,CHK,LAY,0.39,0.39,2006
237,CHK,BRL,0.36,0.36,2006
256,CTL,DRY,0.24,0.24,2006
256,CTL,,0.18,0.18,2006
256,BFL,,0.1,0.1,2006
256,PGS,,0.45,0.45,2006
256,SHP,,0.19,0.19,2006
256,GTS,,0.18,0.18,2006
256,CML,,0.26,0.26,2006
256,CHK,LAY,0.39,0.39,2006
256,CHK,BRL,0.36,0.36,2006
